Plot,TreeID,Species,Year,DBH,GapYears,PrevDBH,GrowthRate,GrowthType,DBH_cm,Group,Carbon,CO2e,PrevCarbon,CarbonGrowthRate
Middle,1000,Sugar Maple,2022,30.0,,,,initial,76.2,hardwood,1597.9298052704062,5864.4023853423905,,
Middle,1000,Sugar Maple,2023,30.1,1.0,30.0,0.003333333333333381,normal,76.45400000000001,hardwood,1610.2071526763305,5909.460250322132,1597.9298052704062,0.007683283311588689
Middle,1000,Sugar Maple,2024,30.2,1.0,30.1,0.0033222591362125535,normal,76.708,hardwood,1622.537639876037,5954.713138345056,1610.2071526763305,0.007657702413762121
Middle,1000,Sugar Maple,2025,30.3,1.0,30.2,0.0033112582781457426,normal,76.962,hardwood,1634.921319771376,6000.1612435609495,1622.537639876037,0.007632291289270197
Middle,401,Beech,2024,3.19,,,,initial,8.1026,hardwood,9.223534629485762,33.850372090212744,,
Middle,401,Beech,2025,3.2,1.0,3.19,0.0031347962382445864,normal,8.128,hardwood,9.290172151347615,34.094931795445746,9.223534629485762,0.007224727237303013
Middle,416 (was 683),Sugar Maple,2022,2.25,,,,initial,5.715,hardwood,4.132364321957084,15.165777061582498,,
Middle,416 (was 683),Sugar Maple,2023,5.96,1.0,2.25,1.6488888888888888,normal,15.1384,hardwood,38.83695832484282,142.53163705217315,4.132364321957084,8.398241611584158
Middle,416 (was 683),Sugar Maple,2024,2.88,1.0,5.96,-0.5167785234899329,normal,7.3152,hardwood,7.29090657839054,26.75762714269328,38.83695832484282,-0.8122688569633227
Middle,416 (was 683),Sugar Maple,2025,3.2,1.0,2.88,0.11111111111111122,normal,8.128,hardwood,9.290172151347615,34.094931795445746,7.29090657839054,0.2742135770718395
Middle,417 (was 654),Sugar Maple,2022,6.87,,,,initial,17.4498,hardwood,53.849206346271494,197.6265872908164,,
Middle,417 (was 654),Sugar Maple,2023,7.02,1.0,6.87,0.0218340611353711,normal,17.8308,hardwood,56.591886247241774,207.6922225273773,53.849206346271494,0.0509325965425335
Middle,417 (was 654),Sugar Maple,2024,7.07,1.0,7.02,0.007122507122507224,normal,17.957800000000002,hardwood,57.523256374201445,211.1103508933193,56.591886247241774,0.01645766184379593
Middle,417 (was 654),Sugar Maple,2025,7.3,1.0,7.07,0.03253182461103247,normal,18.541999999999998,hardwood,61.91863730426167,227.24139890664034,57.523256374201445,0.07641050258815855
Middle,479,Sugar Maple,2024,5.69,,,,initial,14.4526,hardwood,34.90896914125528,128.11591674840687,,
Middle,479,Sugar Maple,2025,5.9,1.0,5.69,0.036906854130052714,normal,14.986,hardwood,37.9435917037269,139.25298155267774,34.90896914125528,0.0869295953768317
Middle,510,Beech,2024,1.5,,,,initial,3.81,hardwood,1.6262552344654801,5.968356710488312,,
Middle,510,Beech,2025,1.5,1.0,1.5,0.0,normal,3.81,hardwood,1.6262552344654801,5.968356710488312,1.6262552344654801,0.0
Middle,516 (was 679),Sugar Maple,2022,3.0,,,,initial,7.62,hardwood,8.00862018634041,29.391636083869304,,
Middle,516 (was 679),Sugar Maple,2023,3.0,1.0,3.0,0.0,normal,7.62,hardwood,8.00862018634041,29.391636083869304,8.00862018634041,0.0
Middle,516 (was 679),Sugar Maple,2024,3.06,1.0,3.0,0.020000000000000018,normal,7.7724,hardwood,8.381815414795094,30.761262572297994,8.00862018634041,0.046599191842211396
Middle,516 (was 679),Sugar Maple,2025,3.2,1.0,3.06,0.04575163398692814,normal,8.128,hardwood,9.290172151347615,34.094931795445746,8.381815414795094,0.10837231454049238
Middle,596,Red Maple,2024,1.44,,,,initial,3.6576,hardwood,1.4805140849767895,5.433486691864817,,
Middle,596,Red Maple,2025,1.52,1.0,1.44,0.05555555555555561,normal,3.8608000000000002,hardwood,1.676559859116108,6.152974682956116,1.4805140849767895,0.13241736510895263
Middle,601,red oak,2022,21.94,,,,initial,55.7276,hardwood,778.0778372650766,2855.545662762831,,
Middle,601,red oak,2023,21.69,1.0,21.94,-0.011394712853236098,normal,55.092600000000004,hardwood,757.836958404744,2781.2616373454102,778.0778372650766,-0.02601395116390767
Middle,601,red oak,2024,23.75,1.0,21.69,0.09497464269248496,normal,60.325,hardwood,933.6951947624874,3426.661364778329,757.836958404744,0.23205286362376298
Middle,601,red oak,2025,23.8,1.0,23.75,0.0021052631578947667,normal,60.452000000000005,hardwood,938.2224331817863,3443.2763297771558,933.6951947624874,0.004848732696381212
Middle,602,sugar maple,2022,0.28,,,,initial,0.7112,hardwood,0.03424855744875447,0.1256922058369289,,
Middle,602,sugar maple,2023,1.48,1.0,0.28,4.285714285714286,normal,3.7592,hardwood,1.5768150521300262,5.7869112413171955,0.03424855744875447,45.04033482255092
Middle,602,sugar maple,2024,2.44,1.0,1.48,0.6486486486486487,normal,6.1975999999999996,hardwood,4.979381623436866,18.274330558013297,1.5768150521300262,2.1578729646894943
Middle,602,sugar maple,2025,2.5,1.0,2.44,0.024590163934426253,normal,6.35,hardwood,5.265514724444983,19.324439038713088,4.979381623436866,0.057463581353425636
Middle,603,sugar maple,2022,6.53,,,,initial,16.5862,hardwood,47.915842482077075,175.85114190922286,,
Middle,603,sugar maple,2023,6.84,1.0,6.53,0.047473200612557366,normal,17.3736,hardwood,53.30989726366762,195.64732295766018,47.915842482077075,0.11257351435713969
Middle,603,sugar maple,2024,10.63,1.0,6.84,0.5540935672514621,normal,27.000200000000003,hardwood,146.96209014335213,539.3508708261023,53.30989726366762,1.7567505789119469
Middle,603,sugar maple,2025,10.67,1.0,10.63,0.003762935089369628,normal,27.1018,hardwood,148.23712256626746,544.0302398182016,146.96209014335213,0.008675927388291892
Middle,604,sugar maple,2022,5.69,,,,initial,14.4526,hardwood,34.90896914125528,128.11591674840687,,
Middle,604,sugar maple,2023,5.94,1.0,5.69,0.04393673110720562,normal,15.087600000000002,hardwood,38.53786358273381,141.4339593486331,34.90896914125528,0.1039530679578253
Middle,604,sugar maple,2024,6.88,1.0,5.94,0.15824915824915817,normal,17.4752,hardwood,54.02965812854221,198.2888453317499,38.53786358273381,0.4019889299921964
Middle,604,sugar maple,2025,7.0,1.0,6.88,0.017441860465116296,normal,17.78,hardwood,56.22174274992082,206.33379589220942,54.02965812854221,0.04057187658236544
Middle,605,Red Oak,2022,48.5,,,,initial,123.19,hardwood,4823.7502090723,17703.163267295342,,
Middle,605,Red Oak,2023,48.54,1.0,48.5,0.0008247422680412195,normal,123.2916,hardwood,4832.9053213243415,17736.762529260333,4823.7502090723,0.001897924199064625
Middle,605,Red Oak,2024,48.6,1.0,48.54,0.0012360939431397256,normal,123.444,hardwood,4846.656389755285,17787.228950401895,4832.9053213243415,0.002845300604228573
Middle,605,Red Oak,2025,50.3,1.0,48.6,0.03497942386831267,normal,127.762,hardwood,5245.479296554621,19250.909018355458,4846.656389755285,0.08228825704301132
Middle,606,Sugar maple,2022,2.25,,,,initial,5.715,hardwood,4.132364321957084,15.165777061582498,,
Middle,606,Sugar maple,2023,1.05,1.0,2.25,-0.5333333333333333,normal,2.6670000000000003,hardwood,0.716001940745964,2.6277271225376877,4.132364321957084,-0.8267331036274976
Middle,606,Sugar maple,2024,3.18,1.0,1.05,2.0285714285714285,normal,8.077200000000001,hardwood,9.15716811875587,33.60680699583404,0.716001940745964,11.789306282068884
Middle,606,Sugar maple,2025,3.3,1.0,3.18,0.03773584905660367,normal,8.382,hardwood,9.971508719079994,36.595436999023576,9.15716811875587,0.08892930541006207
Middle,607,Sugar maple,2022,0.63,,,,initial,1.6002,hardwood,0.2211373369862338,0.8115740267394781,,
Middle,607,Sugar maple,2023,0.84,1.0,0.63,0.33333333333333326,normal,2.1336,hardwood,0.4285694103812142,1.572849736099056,0.2211373369862338,0.9380237467899571
Middle,607,Sugar maple,2024,1.81,1.0,0.84,1.1547619047619049,normal,4.5974,hardwood,2.5051834491849845,9.194023258508892,0.4285694103812142,4.845455574994523
Middle,607,Sugar maple,2025,1.8,1.0,1.81,-0.005524861878453044,normal,4.572,hardwood,2.473463883486683,9.077612452396126,2.5051834491849845,-0.012661574029087868
Middle,608,Sugar maple,2022,2.25,,,,initial,5.715,hardwood,4.132364321957084,15.165777061582498,,
Middle,608,Sugar maple,2023,2.45,1.0,2.25,0.08888888888888896,normal,6.223000000000001,hardwood,5.026443505177434,18.447047664001182,4.132364321957084,0.21636020291572805
Middle,608,Sugar maple,2024,3.45,1.0,2.45,0.4081632653061224,normal,8.763,hardwood,11.044923960425043,40.53487093475991,5.026443505177434,1.1973635929754982
Middle,608,Sugar maple,2025,3.47,1.0,3.45,0.005797101449275368,normal,8.8138,hardwood,11.192744848648362,41.07737359453949,11.044923960425043,0.013383603975271703
Middle,609,Sugar maple,2022,1.19,,,,initial,3.0225999999999997,hardwood,0.954853672559553,3.5043129782935596,,
Middle,609,Sugar maple,2023,1.23,1.0,1.19,0.033613445378151294,normal,3.1242,hardwood,1.030292570058792,3.781173732115766,0.954853672559553,0.07900571539618172
Middle,609,Sugar maple,2024,2.14,1.0,1.23,0.7398373983739839,normal,5.4356,hardwood,3.682396001582103,13.514393325806319,1.030292570058792,2.5741265234708752
Middle,609,Sugar maple,2025,2.2,1.0,2.14,0.028037383177570117,normal,5.588000000000001,hardwood,3.9241985910482433,14.401808829147052,3.682396001582103,0.06566447208889327
Middle,610,Sugar maple,2022,4.0,,,,initial,10.16,hardwood,15.520896100149127,56.961688687547294,,
Middle,610,Sugar maple,2023,3.23,1.0,4.0,-0.1925,normal,8.2042,hardwood,9.49171332685186,34.83458790954633,15.520896100149127,-0.38845584265198047
Middle,610,Sugar maple,2024,4.0,1.0,3.23,0.23839009287925697,normal,10.16,hardwood,15.520896100149127,56.961688687547294,9.49171332685186,0.6352048956473257
Middle,610,Sugar maple,2025,4.1,1.0,4.0,0.02499999999999991,normal,10.414,hardwood,16.427886061758493,60.29034184665367,15.520896100149127,0.05843670080367662
Middle,611,sugar maple,2022,2.5,,,,initial,6.35,hardwood,5.265514724444983,19.324439038713088,,
Middle,611,sugar maple,2023,1.48,1.0,2.5,-0.40800000000000003,normal,3.7592,hardwood,1.5768150521300262,5.7869112413171955,5.265514724444983,-0.7005392379191889
Middle,611,sugar maple,2024,2.33,1.0,1.48,0.5743243243243243,normal,5.918200000000001,hardwood,4.47813755810549,16.434764838247148,1.5768150521300262,1.8399890983132352
Middle,611,sugar maple,2025,2.5,1.0,2.33,0.0729613733905579,normal,6.35,hardwood,5.265514724444983,19.324439038713088,4.47813755810549,0.1758269271818882
Middle,612,sugar maple,2022,5.63,,,,initial,14.3002,hardwood,34.068116192315905,125.02998642579936,,
Middle,612,sugar maple,2023,4.72,1.0,5.63,-0.1616341030195382,normal,11.9888,hardwood,22.711478557264556,83.35112630516092,34.068116192315905,-0.333350912945778
Middle,612,sugar maple,2024,5.9,1.0,4.72,0.25000000000000017,normal,14.986,hardwood,37.9435917037269,139.25298155267774,22.711478557264556,0.6706790624862317
Middle,612,sugar maple,2025,6.0,1.0,5.9,0.01694915254237282,normal,15.24,hardwood,39.43907200405727,144.7413942548902,37.9435917037269,0.03941325091223458
Middle,613,mockernut hickory,2022,10.0,,,,initial,25.4,hardwood,127.69644638473106,468.645958231963,,
Middle,613,mockernut hickory,2023,8.82,1.0,10.0,-0.11799999999999997,normal,22.402800000000003,hardwood,95.66576691400603,351.09336457440213,127.69644638473106,-0.2508345406435289
Middle,613,mockernut hickory,2024,10.0,1.0,8.82,0.13378684807256233,normal,25.4,hardwood,127.69644638473106,468.645958231963,95.66576691400603,0.3348186138466586
Middle,613,mockernut hickory,2025,10.0,1.0,10.0,0.0,normal,25.4,hardwood,127.69644638473106,468.645958231963,127.69644638473106,0.0
Middle,614,sugar maple,2022,4.38,,,,initial,11.1252,hardwood,19.123583029698775,70.1835497189945,,
Middle,614,sugar maple,2023,4.5,1.0,4.38,0.02739726027397263,normal,11.43,hardwood,20.350148995533267,74.68504681360709,19.123583029698775,0.06413892019762431
Middle,614,sugar maple,2024,4.55,1.0,4.5,0.011111111111111072,normal,11.557,hardwood,20.87396850827397,76.60746442536546,20.350148995533267,0.025740328134977106
Middle,614,sugar maple,2025,5.05,1.0,4.55,0.10989010989010989,normal,12.827,hardwood,26.53071664693372,97.36773009424675,20.87396850827397,0.2709953373943984
Middle,615,mockernut hickory,2022,10.0,,,,initial,25.4,hardwood,127.69644638473106,468.645958231963,,
Middle,615,mockernut hickory,2023,17.4,1.0,10.0,0.7399999999999999,normal,44.196,hardwood,456.5013673091518,1675.3600180245871,127.69644638473106,2.5748948403292187
Middle,615,mockernut hickory,2024,17.65,1.0,17.4,0.014367816091954025,normal,44.830999999999996,hardwood,471.7279879263785,1731.241715689809,456.5013673091518,0.033355038358329606
Middle,615,mockernut hickory,2025,17.75,1.0,17.65,0.00566572237960348,normal,45.085,hardwood,477.8978026014306,1753.8849355472503,471.7279879263785,0.01307917874912063
Middle,616,sugar maple,2022,5.63,,,,initial,14.3002,hardwood,34.068116192315905,125.02998642579936,,
Middle,616,sugar maple,2023,1.8,1.0,5.63,-0.680284191829485,normal,4.572,hardwood,2.473463883486683,9.077612452396126,34.068116192315905,-0.9273965173323973
Middle,616,sugar maple,2024,1.75,1.0,1.8,-0.0277777777777778,normal,4.445,hardwood,2.3182823223737237,8.508096123111565,2.473463883486683,-0.06273855953546811
Middle,616,sugar maple,2025,1.8,1.0,1.75,0.0285714285714286,normal,4.572,hardwood,2.473463883486683,9.077612452396126,2.3182823223737237,0.06693816349083262
Middle,617,sugar maple,2022,3.88,,,,initial,9.8552,hardwood,14.470774652530535,53.107742974787065,,
Middle,617,sugar maple,2023,3.95,1.0,3.88,0.018041237113402137,normal,10.033000000000001,hardwood,15.078291379656756,55.337329363340295,14.470774652530535,0.041982322419759556
Middle,617,sugar maple,2024,3.95,1.0,3.95,0.0,normal,10.033000000000001,hardwood,15.078291379656756,55.337329363340295,15.078291379656756,0.0
Middle,617,sugar maple,2025,4.0,1.0,3.95,0.01265822784810122,normal,10.16,hardwood,15.520896100149127,56.961688687547294,15.078291379656756,0.029353771547983337
Middle,618,norway maple,2022,1.88,,,,initial,4.7752,hardwood,2.7336434258813203,10.032471372984444,,
Middle,618,norway maple,2023,2.0,1.0,1.88,0.06382978723404262,normal,5.08,hardwood,3.1517212627355704,11.566817034239543,2.7336434258813203,0.15293795558558002
Middle,618,norway maple,2024,2.0,1.0,2.0,0.0,normal,5.08,hardwood,3.1517212627355704,11.566817034239543,3.1517212627355704,0.0
Middle,618,norway maple,2025,2.1,1.0,2.0,0.050000000000000044,normal,5.3340000000000005,hardwood,3.5260071571740457,12.940446266828747,3.1517212627355704,0.11875602670320211
Middle,619,sugar maple,2022,6.5,,,,initial,16.51,hardwood,47.411045443928835,173.99853677921882,,
Middle,619,sugar maple,2023,6.7,1.0,6.5,0.030769230769230795,normal,17.018,hardwood,50.833598900463016,186.55930796469926,47.411045443928835,0.07218894720602397
Middle,619,sugar maple,2024,6.48,1.0,6.7,-0.03283582089552235,normal,16.459200000000003,hardwood,47.07619196438106,172.7696245092785,50.833598900463016,-0.07391581586500129
Middle,619,sugar maple,2025,6.7,1.0,6.48,0.033950617283950574,normal,17.018,hardwood,50.833598900463016,186.55930796469926,47.07619196438106,0.07981543916986526
Middle,620,sugar maple,2022,2.38,,,,initial,6.0451999999999995,hardwood,4.702251058134278,17.2572613833528,,
Middle,620,sugar maple,2023,2.4,1.0,2.38,0.008403361344537823,normal,6.096,hardwood,4.7936317430245,17.592628496899916,4.702251058134278,0.019433391318429347
Middle,620,sugar maple,2024,2.38,1.0,2.4,-0.008333333333333342,normal,6.0451999999999995,hardwood,4.702251058134278,17.2572613833528,4.7936317430245,-0.01906293386495435
Middle,620,sugar maple,2025,2.4,1.0,2.38,0.008403361344537823,normal,6.096,hardwood,4.7936317430245,17.592628496899916,4.702251058134278,0.019433391318429347
Middle,621,mockernut hickory,2022,6.75,,,,initial,17.145,hardwood,51.71035140944077,189.77698967264763,,
Middle,621,mockernut hickory,2023,6.6,1.0,6.75,-0.022222222222222275,normal,16.764,hardwood,49.10546900846182,180.21707126105485,51.71035140944077,-0.050374486538557486
Middle,621,mockernut hickory,2024,6.48,1.0,6.6,-0.018181818181818063,normal,16.459200000000003,hardwood,47.07619196438106,172.7696245092785,49.10546900846182,-0.041324868391564976
Middle,621,mockernut hickory,2025,6.5,1.0,6.48,0.0030864197530863537,normal,16.51,hardwood,47.411045443928835,173.99853677921882,47.07619196438106,0.007113011175609373
Middle,622,Red Oak,2022,17.0,,,,initial,43.18,hardwood,432.7243465602261,1588.0983518760297,,
Middle,622,Red Oak,2023,16.7,1.0,17.0,-0.017647058823529453,normal,42.418,hardwood,415.3619362137748,1524.3783059045536,432.7243465602261,-0.040123488508254736
Middle,622,Red Oak,2024,16.52,1.0,16.7,-0.010778443113772438,normal,41.9608,hardwood,405.1370024418308,1486.852798961519,415.3619362137748,-0.024616925337813133
Middle,622,Red Oak,2025,16.9,1.0,16.52,0.023002421307505995,normal,42.925999999999995,hardwood,426.8922123892106,1566.6944194684029,405.1370024418308,0.05369840280265042
Middle,623,Sugar Maple,2022,5.13,,,,initial,13.0302,hardwood,27.507349872243513,100.95197403113369,,
Middle,623,Sugar Maple,2023,5.22,1.0,5.13,0.01754385964912278,normal,13.258799999999999,hardwood,28.629974982304752,105.07200818505844,27.507349872243513,0.040811823577160816
Middle,623,Sugar Maple,2024,5.3,1.0,5.22,0.015325670498084306,normal,13.462,hardwood,29.64922266914349,108.81264719575661,28.629974982304752,0.03560071873861931
Middle,623,Sugar Maple,2025,5.3,1.0,5.3,0.0,normal,13.462,hardwood,29.64922266914349,108.81264719575661,29.64922266914349,0.0
Middle,624,Red Oak,2022,46.53,,,,initial,118.1862,hardwood,4384.951886237319,16092.77342249096,,
Middle,624,Red Oak,2023,43.7,1.0,46.53,-0.0608209757145927,normal,110.998,hardwood,3795.6496302925307,13930.034143173587,4384.951886237319,-0.13439195485687808
Middle,624,Red Oak,2024,51.19,1.0,43.7,0.17139588100686487,normal,130.02259999999998,hardwood,5461.40784189968,20043.366779771823,3795.6496302925307,0.43885984583850246
Middle,624,Red Oak,2025,51.4,1.0,51.19,0.004102363742918556,normal,130.556,hardwood,5513.076074384793,20232.98919299219,5461.40784189968,0.009460606858311725
Middle,625,Sugar Maple,2022,5.52,,,,initial,14.0208,hardwood,32.5565735155881,119.48262480220832,,
Middle,625,Sugar Maple,2023,1.5,1.0,5.52,-0.7282608695652174,normal,3.81,hardwood,1.6262552344654801,5.968356710488312,32.5565735155881,-0.9500483294506767
Middle,625,Sugar Maple,2024,5.63,1.0,1.5,2.7533333333333334,normal,14.3002,hardwood,34.068116192315905,125.02998642579936,1.6262552344654801,19.94881262811951
Middle,625,Sugar Maple,2025,5.7,1.0,5.63,0.012433392539964526,normal,14.478000000000002,hardwood,35.05023867647802,128.63437594267432,34.068116192315905,0.028828200497438432
Middle,626,Sugar Maple,2022,1.43,,,,initial,3.6322,hardwood,1.456973651174651,5.347093299810969,,
Middle,626,Sugar Maple,2023,1.5,1.0,1.43,0.048951048951048994,normal,3.81,hardwood,1.6262552344654801,5.968356710488312,1.456973651174651,0.11618712744348526
Middle,626,Sugar Maple,2024,1.5,1.0,1.5,0.0,normal,3.81,hardwood,1.6262552344654801,5.968356710488312,1.6262552344654801,0.0
Middle,626,Sugar Maple,2025,1.5,1.0,1.5,0.0,normal,3.81,hardwood,1.6262552344654801,5.968356710488312,1.6262552344654801,0.0
Middle,627,Sugar Maple,2022,12.87,,,,initial,32.6898,hardwood,228.14421949355003,837.2892855413286,,
Middle,627,Sugar Maple,2023,13.0,1.0,12.87,0.010101010101010163,normal,33.02,hardwood,233.4793749165397,856.8693059437007,228.14421949355003,0.023385012492681274
Middle,627,Sugar Maple,2024,13.19,1.0,13.0,0.014615384615384577,normal,33.5026,hardwood,241.40254334054612,885.9473340598042,233.4793749165397,0.033935196318041566
Middle,627,Sugar Maple,2025,13.4,1.0,13.19,0.015921152388172922,normal,34.036,hardwood,250.33400518608528,918.725799032933,241.40254334054612,0.03699820938895231
Middle,628,Sugar Maple,2022,4.5,,,,initial,11.43,hardwood,20.350148995533267,74.68504681360709,,
Middle,628,Sugar Maple,2023,4.45,1.0,4.5,-0.011111111111111072,normal,11.303,hardwood,19.833841435142535,72.7901980669731,20.350148995533267,-0.025371193130038442
Middle,628,Sugar Maple,2024,4.63,1.0,4.45,0.040449438202247126,normal,11.7602,hardwood,21.727766776672528,79.74090407038818,19.833841435142535,0.09548958771921241
Middle,628,Sugar Maple,2025,4.6,1.0,4.63,-0.006479481641468736,normal,11.684,hardwood,21.405324916793116,78.55754244463074,21.727766776672528,-0.014840082885351718
Middle,629,Sugar Maple,2022,6.09,,,,initial,15.4686,hardwood,40.81300615354787,149.78373258352067,,
Middle,629,Sugar Maple,2023,6.01,1.0,6.09,-0.013136288998357976,normal,15.2654,hardwood,39.59041892239694,145.2968374451968,40.81300615354787,-0.02995582404665983
Middle,630,Sugar Maple,2022,7.3,,,,initial,18.541999999999998,hardwood,61.91863730426167,227.24139890664034,,
Middle,630,Sugar Maple,2023,7.5,1.0,7.3,0.02739726027397263,normal,19.05,hardwood,65.89003184106538,241.81641685670994,61.91863730426167,0.0641389201976247
Middle,630,Sugar Maple,2024,7.56,1.0,7.5,0.007999999999999948,normal,19.2024,hardwood,67.10871782163238,246.28899440539084,65.89003184106538,0.018495756437128738
Middle,630,Sugar Maple,2025,7.6,1.0,7.56,0.005291005291005296,normal,19.304,hardwood,67.92819488567018,249.29647523040956,67.10871782163238,0.012211186424629338
Middle,631,Sugar Maple,2022,4.82,,,,initial,12.2428,hardwood,23.833454751036694,87.46877893630466,,
Middle,631,Sugar Maple,2023,4.9,1.0,4.82,0.016597510373443997,normal,12.446000000000002,hardwood,24.75311136157214,90.84391869696975,23.833454751036694,0.038586794073378936
Middle,631,Sugar Maple,2024,4.63,1.0,4.9,-0.05510204081632662,normal,11.7602,hardwood,21.727766776672528,79.74090407038818,24.75311136157214,-0.12222078027719362
Middle,631,Sugar Maple,2025,4.75,1.0,4.63,0.025917926565874754,normal,12.065,hardwood,23.044862105096374,84.5746439257037,21.727766776672528,0.060618071887531155
Middle,632,Red Oak,2022,29.28,,,,initial,74.3712,hardwood,1511.0967729264482,5545.725156640065,,
Middle,632,Red Oak,2023,29.5,1.0,29.28,0.007513661202185753,normal,74.93,hardwood,1537.3383049215438,5642.031579062065,1511.0967729264482,0.017365884478910767
Middle,632,Red Oak,2024,29.13,1.0,29.5,-0.012542372881355965,normal,73.9902,hardwood,1493.351100248955,5480.598537913665,1537.3383049215438,-0.028612573128354916
Middle,632,Red Oak,2025,29.9,1.0,29.13,0.02643323034672158,normal,75.946,hardwood,1585.7055446332456,5819.539348804011,1493.351100248955,0.061843758221957555
Middle,633,Sugar Maple,2022,8.81,,,,initial,22.3774,hardwood,95.41648218868723,350.1784896324821,,
Middle,633,Sugar Maple,2023,9.0,1.0,8.81,0.02156640181611799,normal,22.86,hardwood,100.21588898634975,367.7923125799036,95.41648218868723,0.05029955713701165
Middle,633,Sugar Maple,2024,9.88,1.0,9.0,0.09777777777777787,normal,25.095200000000002,hardwood,124.19948189734085,455.8120985632409,100.21588898634975,0.2393192651741867
Middle,633,Sugar Maple,2025,9.9,1.0,9.88,0.002024291497975665,normal,25.146,hardwood,124.77849961247537,457.9370935777846,124.19948189734085,0.004661997830338156
Middle,634,Sugar Maple,2022,5.3,,,,initial,13.462,hardwood,29.64922266914349,108.81264719575661,,
Middle,634,Sugar Maple,2023,5.17,1.0,5.3,-0.024528301886792434,normal,13.1318,hardwood,28.003161220120138,102.7716016778409,29.64922266914349,-0.05551786188096056
Middle,634,Sugar Maple,2024,5.13,1.0,5.17,-0.00773694390715668,normal,13.0302,hardwood,27.507349872243513,100.95197403113369,28.003161220120138,-0.0177055491692269
Middle,634,Sugar Maple,2025,5.1,1.0,5.13,-0.005847953216374317,normal,12.953999999999999,hardwood,27.138773514041727,99.59929879653313,27.507349872243513,-0.013399195484611194
Middle,635,White Ash,2022,14.59,,,,initial,37.0586,hardwood,304.44299307236906,1117.3057845755945,,
Middle,635,White Ash,2023,14.34,1.0,14.59,-0.017135023989033583,normal,36.4236,hardwood,292.5781299132175,1073.761736781508,304.44299307236906,-0.03897236405217968
Middle,636,Beech,2022,1.5,,,,initial,3.81,hardwood,1.6262552344654801,5.968356710488312,,
Middle,636,Beech,2023,1.87,1.0,1.5,0.24666666666666673,normal,4.7498000000000005,hardwood,2.7003154834785166,9.910157824366156,1.6262552344654801,0.6604499873392015
Middle,636,Beech,2024,1.88,1.0,1.87,0.005347593582887587,normal,4.7752,hardwood,2.7336434258813203,10.032471372984444,2.7003154834785166,0.012342240233304514
Middle,636,Beech,2025,1.9,1.0,1.88,0.010638297872340436,normal,4.826,hardwood,2.800993453630146,10.279645974822635,2.7336434258813203,0.024637458971852634
Middle,637,Sugar Maple,2022,2.06,,,,initial,5.2324,hardwood,3.373443326628323,12.380537008725945,,
Middle,637,Sugar Maple,2023,2.0,1.0,2.06,-0.029126213592233035,normal,5.08,hardwood,3.1517212627355704,11.566817034239543,3.373443326628323,-0.06572574145312783
Middle,637,Sugar Maple,2024,1.95,1.0,2.0,-0.025000000000000022,normal,4.953,hardwood,2.9734347849726235,10.912505660849527,3.1517212627355704,-0.05656797124508443
Middle,637,Sugar Maple,2025,2.0,1.0,1.95,0.025641025641025664,normal,5.08,hardwood,3.1517212627355704,11.566817034239543,2.9734347849726235,0.059959774017572215
Middle,638,Sugar Maple,2022,5.13,,,,initial,13.0302,hardwood,27.507349872243513,100.95197403113369,,
Middle,638,Sugar Maple,2023,5.06,1.0,5.13,-0.013645224171540018,normal,12.8524,hardwood,26.651705172208583,97.8117579820055,27.507349872243513,-0.031106039077153116
Middle,638,Sugar Maple,2024,5.05,1.0,5.06,-0.0019762845849801954,normal,12.827,hardwood,26.53071664693372,97.36773009424675,26.651705172208583,-0.004539616677173306
Middle,638,Sugar Maple,2025,5.3,1.0,5.05,0.04950495049504951,normal,13.462,hardwood,29.64922266914349,108.81264719575661,26.53071664693372,0.11754322597878984
Middle,639,Red Oak,2022,206.08,,,,initial,523.4432,hardwood,134419.18462513777,493318.4075742556,,
Middle,639,Red Oak,2023,60.94,1.0,206.08,-0.7042895962732919,normal,154.7876,hardwood,8155.572379180791,29930.950631593503,134419.18462513777,-0.9393273184782016
Middle,639,Red Oak,2024,61.0,1.0,60.94,0.0009845749917952458,normal,154.94,hardwood,8174.052676683807,29998.77332342957,8155.572379180791,0.002265971858724588
Middle,639,Red Oak,2025,52.0,1.0,61.0,-0.14754098360655737,normal,132.08,hardwood,5662.216903991863,20780.336037650137,8174.052676683807,-0.30729380786312593
Middle,640,The American Hophorn Beam,2022,5.13,,,,initial,13.0302,hardwood,27.507349872243513,100.95197403113369,,
Middle,640,The American Hophorn Beam,2023,4.89,1.0,5.13,-0.0467836257309942,normal,12.420599999999999,hardwood,24.63707738340499,90.41807399709631,27.507349872243513,-0.10434565678516317
Middle,640,The American Hophorn Beam,2024,5.0,1.0,4.89,0.02249488752556244,normal,12.7,hardwood,25.930436145543343,95.16470065414407,24.63707738340499,0.052496436245702285
Middle,640,The American Hophorn Beam,2025,5.1,1.0,5.0,0.019999999999999928,normal,12.953999999999999,hardwood,27.138773514041727,99.59929879653313,25.930436145543343,0.046599191842211285
Middle,642,Sugar Maple,2022,7.8,,,,initial,19.812,hardwood,72.1101498083406,264.64424979661,,
Middle,642,Sugar Maple,2023,7.73,1.0,7.8,-0.008974358974358897,normal,19.6342,hardwood,70.63039704637738,259.21355716020497,72.1101498083406,-0.02052072788499542
Middle,642,Sugar Maple,2024,7.75,1.0,7.73,0.0025873221216040844,normal,19.685,hardwood,71.05141434398648,260.7586906424304,70.63039704637738,0.0059608513503421005
Middle,642,Sugar Maple,2025,7.8,1.0,7.75,0.006451612903225784,normal,19.812,hardwood,72.1101498083406,264.64424979661,71.05141434398648,0.014900976625579616
Middle,643,Sugar Maple,2022,29.7,,,,initial,75.438,hardwood,1561.4160709450828,5730.396980368454,,
Middle,643,Sugar Maple,2023,29.5,1.0,29.7,-0.00673400673400671,normal,74.93,hardwood,1537.3383049215438,5642.031579062065,1561.4160709450828,-0.015420467658543666
Middle,643,Sugar Maple,2024,29.88,1.0,29.5,0.012881355932203357,normal,75.8952,hardwood,1583.2670582431513,5810.590103752365,1537.3383049215438,0.029875501816726924
Middle,643,Sugar Maple,2025,30.0,1.0,29.88,0.004016064257028146,normal,76.2,hardwood,1597.9298052704062,5864.4023853423905,1583.2670582431513,0.009261069982423058
Middle,644,Sugar Maple,2022,7.5,,,,initial,19.05,hardwood,65.89003184106538,241.81641685670994,,
Middle,644,Sugar Maple,2023,7.5,1.0,7.5,0.0,normal,19.05,hardwood,65.89003184106538,241.81641685670994,65.89003184106538,0.0
Middle,644,Sugar Maple,2024,7.44,1.0,7.5,-0.007999999999999948,normal,18.8976,hardwood,64.68395456286956,237.39011324573127,65.89003184106538,-0.018304396651454394
Middle,644,Sugar Maple,2025,7.7,1.0,7.44,0.034946236559139754,normal,19.558,hardwood,70.00152148417524,256.90558384692315,64.68395456286956,0.08220843881982007
Middle,645,White Ash,2022,10.1,,,,initial,25.654,hardwood,130.65257432763767,479.49494778243024,,
Middle,645,White Ash,2023,9.13,1.0,10.1,-0.09603960396039593,normal,23.1902,hardwood,103.576587874566,380.12607749965724,130.65257432763767,-0.2072365324021337
Middle,645,White Ash,2024,10.94,1.0,9.13,0.19824753559693303,normal,27.787599999999998,hardwood,157.00686869013526,576.2152080927964,103.576587874566,0.5158528767164521
Middle,645,White Ash,2025,10.0,1.0,10.94,-0.08592321755027418,normal,25.4,hardwood,127.69644638473106,468.645958231963,157.00686869013526,-0.18668242064779025
Middle,646,Sugar Maple,2022,0.38,,,,initial,0.9652000000000001,hardwood,0.06913231240587481,0.25371558652956056,,
Middle,646,Sugar Maple,2023,0.52,1.0,0.38,0.368421052631579,normal,1.3208,hardwood,0.14222845813401352,0.5219784413518296,0.06913231240587481,1.0573369121372984
Middle,646,Sugar Maple,2024,1.44,1.0,0.52,1.769230769230769,normal,3.6576,hardwood,1.4805140849767895,5.433486691864817,0.14222845813401352,9.409408246426942
Middle,646,Sugar Maple,2025,1.6,1.0,1.44,0.11111111111111122,normal,4.064,hardwood,1.8864911481235163,6.923422513613304,1.4805140849767895,0.27421357707183946
Middle,647,Sugar Maple,2022,8.81,,,,initial,22.3774,hardwood,95.41648218868723,350.1784896324821,,
Middle,647,Sugar Maple,2023,9.04,1.0,8.81,0.02610669693530064,normal,22.961599999999997,hardwood,101.24327884986873,371.56283337901823,95.41648218868723,0.06106698263785228
Middle,647,Sugar Maple,2024,10.25,1.0,9.04,0.133849557522124,normal,26.035,hardwood,135.15860541580835,496.03208187601666,101.24327884986873,0.33498842541668233
Middle,647,Sugar Maple,2025,10.3,1.0,10.25,0.004878048780487874,normal,26.162000000000003,hardwood,136.67982952173418,501.61497434476445,135.15860541580835,0.011255103596592009
Middle,648,Sugar Maple,2022,7.7,,,,initial,19.558,hardwood,70.00152148417524,256.90558384692315,,
Middle,648,Sugar Maple,2023,7.6,1.0,7.7,-0.012987012987013056,normal,19.304,hardwood,67.92819488567018,249.29647523040956,70.00152148417524,-0.02961830763883846
Middle,648,Sugar Maple,2024,7.7,1.0,7.6,0.013157894736842176,normal,19.558,hardwood,70.00152148417524,256.90558384692315,67.92819488567018,0.030522327319232823
Middle,648,Sugar Maple,2025,8.0,1.0,7.7,0.03896103896103894,normal,20.32,hardwood,76.43385809522198,280.5122592094647,70.00152148417524,0.09188852577298409
Middle,649,Sugar Maple,2022,7.3,,,,initial,18.541999999999998,hardwood,61.91863730426167,227.24139890664034,,
Middle,649,Sugar Maple,2023,7.22,1.0,7.3,-0.010958904109589052,normal,18.3388,hardwood,60.36905339355144,221.55442595433377,61.91863730426167,-0.025026130712401506
Middle,649,Sugar Maple,2024,7.19,1.0,7.22,-0.004155124653739524,normal,18.262600000000003,hardwood,59.793676780544274,219.44279378459748,60.36905339355144,-0.009530986170285494
Middle,649,Sugar Maple,2025,7.2,1.0,7.19,0.0013908205841446156,normal,18.288,hardwood,59.98512295785456,220.14540125532622,59.793676780544274,0.0032017796465825606
Middle,650,White Ash,2022,13.78,,,,initial,35.0012,hardwood,266.96357657457617,979.7563260286945,,
Middle,650,White Ash,2023,14.45,1.0,13.78,0.04862119013062409,normal,36.702999999999996,hardwood,297.76583064889456,1092.800598481443,266.96357657457617,0.11537998729843132
Middle,650,White Ash,2025,15.4,2.0,14.45,0.03287197231833914,annualized,39.116,hardwood,344.72792840354595,1265.1514972410137,297.76583064889456,0.07885743245339981
Middle,651,Sugar Maple,2022,10.77,,,,initial,27.3558,hardwood,151.4519708525787,555.8287330289638,,
Middle,651,Sugar Maple,2023,11.95,1.0,10.77,0.10956360259981428,normal,30.352999999999998,hardwood,192.3645291277821,705.9778218989603,151.4519708525787,0.27013552907163635
Middle,651,Sugar Maple,2024,12.13,1.0,11.95,0.015062761506276277,normal,30.810200000000002,hardwood,199.0942207390415,730.6757901122824,192.3645291277821,0.03498405678933179
Middle,651,Sugar Maple,2025,12.3,1.0,12.13,0.01401483924154987,normal,31.242,hardwood,205.57039384307413,754.443345404082,199.0942207390415,0.032528182284713984
Middle,652,Sugar Maple,2022,4.06,,,,initial,10.312399999999998,hardwood,16.061595667839168,58.94605610096974,,
Middle,652,Sugar Maple,2023,5.21,1.0,4.06,0.2832512315270937,normal,13.2334,hardwood,28.503984632950342,104.60962360292775,16.061595667839168,0.7746670519184536
Middle,652,Sugar Maple,2024,5.16,1.0,5.21,-0.009596928982725494,normal,13.1064,hardwood,27.878738956648057,102.31497197089837,28.503984632950342,-0.02193537796043809
Middle,652,Sugar Maple,2025,5.2,1.0,5.16,0.007751937984496131,normal,13.208,hardwood,28.37830826309261,104.14839132554988,27.878738956648057,0.017919365263306633
Middle,653,Sugar Maple,2022,4.5,,,,initial,11.43,hardwood,20.350148995533267,74.68504681360709,,
Middle,653,Sugar Maple,2023,3.71,1.0,4.5,-0.17555555555555558,normal,9.4234,hardwood,13.053855583556981,47.90764999165412,20.350148995533267,-0.35853759171875244
Middle,653,Sugar Maple,2024,3.5,1.0,3.71,-0.056603773584905655,normal,8.89,hardwood,11.416561318986751,41.89878004068138,13.053855583556981,-0.1254261052675206
Middle,653,Sugar Maple,2025,3.8,1.0,3.5,0.08571428571428566,normal,9.652,hardwood,13.793709769009748,50.62291485226577,11.416561318986751,0.2082193038344732
Middle,655,Sugar Maple,2022,2.35,,,,initial,5.969,hardwood,4.567040835923054,16.761039867837606,,
Middle,655,Sugar Maple,2023,2.3,1.0,2.35,-0.021276595744680965,normal,5.842,hardwood,4.346631614612262,15.952138025627,4.567040835923054,-0.04826083874203955
Middle,655,Sugar Maple,2024,2.28,1.0,2.3,-0.008695652173913052,normal,5.7912,hardwood,4.260189912756195,15.634896979815235,4.346631614612262,-0.01988705497044479
Middle,655,Sugar Maple,2025,2.4,1.0,2.28,0.052631578947368474,normal,6.096,hardwood,4.7936317430245,17.592628496899916,4.260189912756195,0.12521550475274168
Middle,656,Red Oak,2022,22.99,,,,initial,58.3946,hardwood,866.4000038295947,3179.6880140546123,,
Middle,656,Red Oak,2023,23.4,1.0,22.99,0.017833840800347986,normal,59.436,hardwood,902.3505422703712,3311.626490132262,866.4000038295947,0.041494157758391895
Middle,656,Red Oak,2024,23.3,1.0,23.4,-0.004273504273504183,normal,59.182,hardwood,893.5059110934641,3279.166693713013,902.3505422703712,-0.009801768561753686
Middle,656,Red Oak,2025,23.7,1.0,23.3,0.017167381974248865,normal,60.198,hardwood,929.1803297433696,3410.0918101581665,893.5059110934641,0.03992633759551464
Middle,657,Mockernut Hickory,2022,20.5,,,,initial,52.07,hardwood,665.5990478926494,2442.7485057660233,,
Middle,657,Mockernut Hickory,2023,20.8,1.0,20.5,0.014634146341463448,normal,52.832,hardwood,688.2155514225341,2525.7510737207,665.5990478926494,0.033979170495346524
Middle,657,Mockernut Hickory,2024,21.32,1.0,20.8,0.024999999999999977,normal,54.1528,hardwood,728.4325976894498,2673.347633520281,688.2155514225341,0.05843670080367635
Middle,657,Mockernut Hickory,2025,21.5,1.0,21.32,0.008442776735459649,normal,54.61,hardwood,742.6552737664744,2725.5448547229607,728.4325976894498,0.01952504064499324
Middle,658,Sugar Maple,2022,5.0,,,,initial,12.7,hardwood,25.930436145543343,95.16470065414407,,
Middle,658,Sugar Maple,2023,5.06,1.0,5.0,0.011999999999999922,normal,12.8524,hardwood,26.651705172208583,97.8117579820055,25.930436145543343,0.02781553779569591
Middle,658,Sugar Maple,2024,5.2,1.0,5.06,0.027667984189723435,normal,13.208,hardwood,28.37830826309261,104.14839132554988,26.651705172208583,0.06478396334222039
Middle,658,Sugar Maple,2025,5.2,1.0,5.2,0.0,normal,13.208,hardwood,28.37830826309261,104.14839132554988,28.37830826309261,0.0
Middle,659,mockernut hickory,2022,16.13,,,,initial,40.9702,hardwood,383.47570682383997,1407.3558440434927,,
Middle,659,mockernut hickory,2023,16.06,1.0,16.13,-0.004339739615623081,normal,40.7924,hardwood,379.6588743684705,1393.3480689322867,383.47570682383997,-0.009953257500931722
Middle,659,mockernut hickory,2024,16.42,1.0,16.06,0.02241594022415959,normal,41.70680000000001,hardwood,399.5186550775456,1466.2334641345922,379.6588743684705,0.05230953903582555
Middle,659,mockernut hickory,2025,16.5,1.0,16.42,0.0048721071863579955,normal,41.910000000000004,hardwood,404.0097846139097,1482.7159095330485,399.5186550775456,0.011241351259285706
Middle,660,sugar maple,2022,3.25,,,,initial,8.255,hardwood,9.627433818896398,35.332682115349776,,
Middle,660,sugar maple,2023,3.26,1.0,3.25,0.0030769230769230114,normal,8.2804,hardwood,9.695702734583227,35.58322903592044,9.627433818896398,0.007091081275763574
Middle,660,sugar maple,2024,3.32,1.0,3.26,0.01840490797546014,normal,8.4328,hardwood,10.111053401895585,37.1075659849568,9.695702734583227,0.04283863466965217
Middle,660,sugar maple,2025,3.35,1.0,3.32,0.009036144578313329,normal,8.509,hardwood,10.322428130578198,37.88331123922198,10.111053401895585,0.020905312263802742
Middle,661,sugar maple,2022,5.75,,,,initial,14.605,hardwood,35.76142816420109,131.244441362618,,
Middle,661,sugar maple,2023,5.76,1.0,5.75,0.0017391304347825717,normal,14.6304,hardwood,35.90463560882084,131.7700126843725,35.76142816420109,0.004004522525280606
Middle,661,sugar maple,2024,5.88,1.0,5.76,0.020833333333333353,normal,14.9352,hardwood,37.64841192157415,138.16967175217712,35.90463560882084,0.048566885116219115
Middle,661,sugar maple,2025,5.9,1.0,5.88,0.003401360544217766,normal,14.986,hardwood,37.9435917037269,139.25298155267774,37.64841192157415,0.007840431165267824
Middle,662,sugar maple,2022,5.0,,,,initial,12.7,hardwood,25.930436145543343,95.16470065414407,,
Middle,662,sugar maple,2023,2.7,1.0,5.0,-0.45999999999999996,normal,6.8580000000000005,hardwood,6.285147427752522,23.066491059851753,25.930436145543343,-0.7576150515758776
Middle,662,sugar maple,2024,2.41,1.0,2.7,-0.10740740740740741,normal,6.1214,hardwood,4.839695183744366,17.761681324341822,6.285147427752522,-0.22997905150572234
Middle,662,sugar maple,2025,2.75,1.0,2.41,0.1410788381742738,normal,6.985,hardwood,6.556076423102267,24.06080047278532,4.839695183744366,0.3546465581392203
Middle,663,Sugar Maple,2022,4.13,,,,initial,10.4902,hardwood,16.705671239650414,61.309813449517016,,
Middle,663,Sugar Maple,2023,4.1,1.0,4.13,-0.0072639225181598665,normal,10.414,hardwood,16.427886061758493,60.29034184665367,16.705671239650414,-0.01662819613213784
Middle,663,Sugar Maple,2024,4.1,1.0,4.1,0.0,normal,10.414,hardwood,16.427886061758493,60.29034184665367,16.427886061758493,0.0
Middle,663,Sugar Maple,2025,4.25,1.0,4.1,0.036585365853658625,normal,10.795,hardwood,17.84322495219531,65.48463557455679,16.427886061758493,0.08615465709440862
Middle,664,Sugar Maple,2022,2.0,,,,initial,5.08,hardwood,3.1517212627355704,11.566817034239543,,
Middle,664,Sugar Maple,2023,1.9,1.0,2.0,-0.050000000000000044,normal,4.826,hardwood,2.800993453630146,10.279645974822635,3.1517212627355704,-0.11128135385963873
Middle,664,Sugar Maple,2024,1.56,1.0,1.9,-0.17894736842105258,normal,3.9624,hardwood,1.7797761711023588,6.531778547945657,2.800993453630146,-0.36459109934879297
Middle,664,Sugar Maple,2025,1.8,1.0,1.56,0.15384615384615383,normal,4.572,hardwood,2.473463883486683,9.077612452396126,1.7797761711023588,0.3897612091045514
Middle,665,Sugar Maple,2022,2.25,,,,initial,5.715,hardwood,4.132364321957084,15.165777061582498,,
Middle,665,Sugar Maple,2023,2.2,1.0,2.25,-0.022222222222222143,normal,5.588000000000001,hardwood,3.9241985910482433,14.401808829147052,4.132364321957084,-0.05037448653855709
Middle,665,Sugar Maple,2024,2.11,1.0,2.2,-0.04090909090909104,normal,5.3594,hardwood,3.5647449201152663,13.082613856823027,3.9241985910482433,-0.09159925589722988
Middle,666,Red Oak,2022,19.46,,,,initial,49.4284,hardwood,590.4829122577748,2167.0722879860336,,
Middle,666,Red Oak,2023,20.0,1.0,19.46,0.027749229188078064,normal,50.8,hardwood,628.851066282241,2307.8834132558245,590.4829122577748,0.06497758568111894
Middle,666,Red Oak,2024,19.49,1.0,20.0,-0.025500000000000078,normal,49.504599999999996,hardwood,592.5787064153732,2174.7638525444195,628.851066282241,-0.05768036632474772
Middle,666,Red Oak,2025,20.2,1.0,19.49,0.0364289379168805,normal,51.308,hardwood,643.4087478904099,2361.3101047578043,592.5787064153732,0.0857777050115719
Middle,667,Pignut Hickory,2022,7.53,,,,initial,19.1262,hardwood,66.49779685355993,244.04691445256495,,
Middle,667,Pignut Hickory,2023,7.65,1.0,7.53,0.015936254980079695,normal,19.431,hardwood,68.96045407531659,253.08486645641187,66.49779685355993,0.037033666351080324
Middle,667,Pignut Hickory,2024,7.36,1.0,7.65,-0.03790849673202615,normal,18.6944,hardwood,63.095412587322755,231.5601641954745,68.96045407531659,-0.08504934555083132
Middle,667,Pignut Hickory,2025,7.5,1.0,7.36,0.01902173913043474,normal,19.05,hardwood,65.89003184106538,241.81641685670994,63.095412587322755,0.04429195624761037
Middle,668,Hop Hornbeam,2022,3.72,,,,initial,9.4488,hardwood,13.134924274872168,48.205172088780856,,
Middle,668,Hop Hornbeam,2023,3.9,1.0,3.72,0.04838709677419347,normal,9.906,hardwood,14.642910495857947,53.739481519798666,13.134924274872168,0.11480737836232831
Middle,668,Hop Hornbeam,2024,3.6,1.0,3.9,-0.07692307692307689,normal,9.144,hardwood,12.180764967060203,44.70340742911094,14.642910495857947,-0.16814591125816236
Middle,668,Hop Hornbeam,2025,3.9,1.0,3.6,0.08333333333333329,normal,9.906,hardwood,14.642910495857947,53.739481519798666,12.180764967060203,0.20213390008394336
Middle,670,sugar maple,2022,3.25,,,,initial,8.255,hardwood,9.627433818896398,35.332682115349776,,
Middle,670,sugar maple,2023,3.2,1.0,3.25,-0.01538461538461533,normal,8.128,hardwood,9.290172151347615,34.094931795445746,9.627433818896398,-0.03503131508282265
Middle,670,sugar maple,2024,3.22,1.0,3.2,0.0062500000000000056,normal,8.1788,hardwood,9.42426124627311,34.587038773822314,9.290172151347615,0.014433434896687438
Middle,670,sugar maple,2025,3.25,1.0,3.22,0.009316770186335343,normal,8.255,hardwood,9.627433818896398,35.332682115349776,9.42426124627311,0.021558461434166398
Middle,671,sugar maple,2022,1.75,,,,initial,4.445,hardwood,2.3182823223737237,8.508096123111565,,
Middle,671,sugar maple,2023,1.7,1.0,1.75,-0.0285714285714286,normal,4.318,hardwood,2.1687591817568883,7.95934619704778,2.3182823223737237,-0.06449738203746315
Middle,671,sugar maple,2024,2.69,1.0,1.7,0.5823529411764706,normal,6.8326,hardwood,6.231736128169562,22.87047159038229,2.1687591817568883,1.8734108335261548
Middle,671,sugar maple,2025,2.7,1.0,2.69,0.003717472118959194,normal,6.8580000000000005,hardwood,6.285147427752522,23.066491059851753,6.231736128169562,0.00857085384946302
Middle,672,sugar maple,2022,2.38,,,,initial,6.0451999999999995,hardwood,4.702251058134278,17.2572613833528,,
Middle,672,sugar maple,2023,2.36,1.0,2.38,-0.008403361344537823,normal,5.9944,hardwood,4.6118632207328485,16.925538020089554,4.702251058134278,-0.019222248298518776
Middle,672,sugar maple,2024,2.38,1.0,2.36,0.00847457627118645,normal,6.0451999999999995,hardwood,4.702251058134278,17.2572613833528,4.6118632207328485,0.019598984851737788
Middle,672,sugar maple,2025,2.4,1.0,2.38,0.008403361344537823,normal,6.096,hardwood,4.7936317430245,17.592628496899916,4.702251058134278,0.019433391318429347
Middle,673,sugar maple,2022,1.5,,,,initial,3.81,hardwood,1.6262552344654801,5.968356710488312,,
Middle,673,sugar maple,2023,2.5,1.0,1.5,0.6666666666666666,normal,6.35,hardwood,5.265514724444983,19.324439038713088,1.6262552344654801,2.237815696363098
Middle,673,sugar maple,2024,2.44,1.0,2.5,-0.02400000000000002,normal,6.1975999999999996,hardwood,4.979381623436866,18.274330558013297,5.265514724444983,-0.05434095543969391
Middle,673,sugar maple,2025,2.5,1.0,2.44,0.024590163934426253,normal,6.35,hardwood,5.265514724444983,19.324439038713088,4.979381623436866,0.057463581353425636
Middle,674,sugar maple,2022,3.75,,,,initial,9.525,hardwood,13.379834064723505,49.103991017535265,,
Middle,674,sugar maple,2023,4.0,1.0,3.75,0.06666666666666667,normal,10.16,hardwood,15.520896100149127,56.961688687547294,13.379834064723505,0.16002156865836037
Middle,674,sugar maple,2024,3.88,1.0,4.0,-0.030000000000000027,normal,9.8552,hardwood,14.470774652530535,53.107742974787065,15.520896100149127,-0.06765855791074474
Middle,674,sugar maple,2025,3.9,1.0,3.88,0.005154639175257737,normal,9.906,hardwood,14.642910495857947,53.739481519798666,14.470774652530535,0.011895413166240586
Middle,675,Sugar Maple,2022,2.85,,,,initial,7.239000000000001,hardwood,7.117410089456821,26.12089502830653,,
Middle,675,Sugar Maple,2023,2.9,1.0,2.85,0.017543859649122744,normal,7.366,hardwood,7.4078845743540365,27.186936387879314,7.117410089456821,0.040811823577160705
Middle,675,Sugar Maple,2024,2.88,1.0,2.9,-0.006896551724137937,normal,7.3152,hardwood,7.29090657839054,26.75762714269328,7.4078845743540365,-0.01579101223694449
Middle,675,Sugar Maple,2025,2.9,1.0,2.88,0.006944444444444451,normal,7.366,hardwood,7.4078845743540365,27.186936387879314,7.29090657839054,0.016044369065186907
Middle,676,Red Oak,2022,30.46,,,,initial,77.36840000000001,hardwood,1654.845980102517,6073.284746976237,,
Middle,676,Red Oak,2023,30.6,1.0,30.46,0.00459619172685491,normal,77.724,hardwood,1672.3920428165893,6137.678797136883,1654.845980102517,0.010602837318422471
Middle,676,Red Oak,2024,30.88,1.0,30.6,0.009150326797385542,normal,78.4352,hardwood,1707.798321764233,6267.619840874735,1672.3920428165893,0.021171040067862013
Middle,676,Red Oak,2025,31.0,1.0,30.88,0.003886010362694333,normal,78.74,hardwood,1723.1008927227972,6323.780276292666,1707.798321764233,0.008960408710763942
Middle,677,Black Birch,2022,17.07,,,,initial,43.357800000000005,hardwood,436.8334737680425,1603.1788487287158,,
Middle,677,Black Birch,2023,16.86,1.0,17.07,-0.012302284710017625,normal,42.8244,hardwood,424.5718765205872,1558.1787868305548,436.8334737680425,-0.028069271206918066
Middle,678,Sugar Maple,2022,6.03,,,,initial,15.3162,hardwood,39.89409610379394,146.41133270092377,,
Middle,678,Sugar Maple,2023,6.2,1.0,6.03,0.02819237147595355,normal,15.748000000000001,hardwood,42.52846398772181,156.07946283493902,39.89409610379394,0.06603402862102535
Middle,678,Sugar Maple,2024,6.25,1.0,6.2,0.008064516129032228,normal,15.875,hardwood,43.32143674949544,158.98967287064826,42.52846398772181,0.01864569484575245
Middle,678,Sugar Maple,2025,6.3,1.0,6.25,0.007999999999999972,normal,16.002,hardwood,44.12269949212058,161.93030713608252,43.32143674949544,0.018495756437128634
Middle,680,Mockernut,2022,10.61,,,,initial,26.9494,hardwood,146.32690762021383,537.0197509661848,,
Middle,680,Mockernut,2023,10.7,1.0,10.61,0.008482563619227132,normal,27.177999999999997,hardwood,149.19748428997713,547.5547673442161,146.32690762021383,0.019617558495897233
Middle,680,Mockernut,2024,10.69,1.0,10.7,-0.0009345794392523165,normal,27.1526,hardwood,148.8769742197109,546.378495386339,149.19748428997713,-0.0021482270414379177
Middle,680,Mockernut,2025,10.7,1.0,10.69,0.0009354536950420755,normal,27.177999999999997,hardwood,149.19748428997713,547.5547673442161,148.8769742197109,0.002152851856011211
Middle,681,Pignut Hickory,2022,7.23,,,,initial,18.3642,hardwood,60.56153793997406,222.2608442397048,,
Middle,681,Pignut Hickory,2023,7.2,1.0,7.23,-0.00414937759336103,normal,18.288,hardwood,59.98512295785456,220.14540125532622,60.56153793997406,-0.009517839238013064
Middle,681,Pignut Hickory,2024,7.3,1.0,7.2,0.01388888888888884,normal,18.541999999999998,hardwood,61.91863730426167,227.24139890664034,59.98512295785456,0.03223323135914215
Middle,681,Pignut Hickory,2025,7.35,1.0,7.3,0.006849315068493127,normal,18.669,hardwood,62.89841353323096,230.83717766695761,61.91863730426167,0.01582360774761189
Middle,682,Pignut Hickory,2022,9.42,,,,initial,23.9268,hardwood,111.30018546999845,408.47168067489434,,
Middle,682,Pignut Hickory,2023,9.26,1.0,9.42,-0.016985138004246298,normal,23.5204,hardwood,107.00007472624664,392.69027424532516,111.30018546999845,-0.0386352522737793
Middle,682,Pignut Hickory,2024,9.41,1.0,9.26,0.016198704103671746,normal,23.901400000000002,hardwood,111.02862091956688,407.4750387748104,107.00007472624664,0.037649938129735286
Middle,682,Pignut Hickory,2025,9.45,1.0,9.41,0.0042507970244419924,normal,24.003,hardwood,112.1171297748978,411.4698662738749,111.02862091956688,0.009803858197243427
Middle,684,Sugar Maple,2022,6.0,,,,initial,15.24,hardwood,39.43907200405727,144.7413942548902,,
Middle,684,Sugar Maple,2023,5.96,1.0,6.0,-0.006666666666666672,normal,15.1384,hardwood,38.83695832484282,142.53163705217315,39.43907200405727,-0.015266933236981653
Middle,684,Sugar Maple,2024,6.13,1.0,5.96,0.028523489932885893,normal,15.5702,hardwood,41.4321912788633,152.0561419934283,38.83695832484282,0.06682379532179764
Middle,684,Sugar Maple,2025,6.2,1.0,6.13,0.011419249592169703,normal,15.748000000000001,hardwood,42.52846398772181,156.07946283493902,41.4321912788633,0.026459443129134525
Middle,685,Black Oak (says Osully),2022,19.25,,,,initial,48.895,hardwood,575.9297322380569,2113.6621173136687,,
Middle,685,Black Oak (says Osully),2023,20.55,1.0,19.25,0.06753246753246757,normal,52.197,hardwood,669.3388171688899,2456.473459009826,575.9297322380569,0.1621883360107948
Middle,685,Black Oak (says Osully),2024,21.1,1.0,20.55,0.026763990267639936,normal,53.594,hardwood,711.2601201582737,2610.3246409808644,669.3388171688899,0.06263091563507223
Middle,685,Black Oak (says Osully),2025,21.7,1.0,21.1,0.02843601895734587,normal,55.118,hardwood,758.6408068940879,2784.2117613013024,711.2601201582737,0.0666151319228621
Middle,686,Sugar Maple,2024,3.34,,,,initial,8.4836,hardwood,10.25169519715391,37.62372137355485,,
Middle,686,Sugar Maple,2025,3.5,1.0,3.34,0.04790419161676651,normal,8.89,hardwood,11.416561318986751,41.89878004068138,10.25169519715391,0.11362668314175321
Middle,687,Sugar Maple,2022,6.1,,,,initial,15.494,hardwood,40.967308485507594,150.35002214181287,,
Middle,687,Sugar Maple,2023,6.13,1.0,6.1,0.004918032786885287,normal,15.5702,hardwood,41.4321912788633,152.0561419934283,40.967308485507594,0.01134765281248976
Middle,687,Sugar Maple,2024,6.08,1.0,6.13,-0.008156606851549727,normal,15.443200000000001,hardwood,40.659032851337976,149.21865056441038,41.4321912788633,-0.01866081430068489
Middle,687,Sugar Maple,2025,6.2,1.0,6.08,0.019736842105263174,normal,15.748000000000001,hardwood,42.52846398772181,156.07946283493902,40.659032851337976,0.04597824899620831
Middle,688,Sugar Maple,2022,5.5,,,,initial,13.97,hardwood,32.285907447058705,118.48928033070544,,
Middle,688,Sugar Maple,2023,5.53,1.0,5.5,0.0054545454545455,normal,14.0462,hardwood,32.69238566976858,119.9810554080507,32.285907447058705,0.012589958122639345
Middle,688,Sugar Maple,2024,6.75,1.0,5.53,0.22061482820976486,normal,17.145,hardwood,51.71035140944077,189.77698967264763,32.69238566976858,0.5817246233351072
Middle,688,Sugar Maple,2025,6.8,1.0,6.75,0.007407407407407381,normal,17.272,hardwood,52.59558752896721,193.02580623130964,51.71035140944077,0.017119127899889338
Middle,689,Sugar Maple,2022,7.5,,,,initial,19.05,hardwood,65.89003184106538,241.81641685670994,,
Middle,689,Sugar Maple,2023,7.47,1.0,7.5,-0.004000000000000033,normal,18.9738,hardwood,65.28541900681148,239.59748775499813,65.89003184106538,-0.009176089574706801
Middle,689,Sugar Maple,2024,7.44,1.0,7.47,-0.004016064257028027,normal,18.8976,hardwood,64.68395456286956,237.39011324573127,65.28541900681148,-0.009212844967406403
Middle,689,Sugar Maple,2025,7.6,1.0,7.44,0.02150537634408592,normal,19.304,hardwood,67.92819488567018,249.29647523040956,64.68395456286956,0.05015525634950755
Middle,690,Red Oak ,2022,30.2,,,,initial,76.708,hardwood,1622.537639876037,5954.713138345056,,
Middle,690,Red Oak ,2023,26.0,1.0,30.2,-0.1390728476821192,normal,66.04,hardwood,1149.787312239044,4219.719435917292,1622.537639876037,-0.2913647831757613
Middle,690,Red Oak ,2024,29.14,1.0,26.0,0.1207692307692308,normal,74.0156,hardwood,1494.5304596617523,5484.926786958631,1149.787312239044,0.2998321026445934
Middle,690,Red Oak ,2025,29.4,1.0,29.14,0.008922443376801578,normal,74.676,hardwood,1525.3786783926396,5598.1397497009875,1494.5304596617523,0.02064074273726679
Middle,691,Sugar Maple,2022,6.0,,,,initial,15.24,hardwood,39.43907200405727,144.7413942548902,,
Middle,691,Sugar Maple,2023,6.1,1.0,6.0,0.016666666666666607,normal,15.494,hardwood,40.967308485507594,150.35002214181287,39.43907200405727,0.0387493012333836
Middle,691,Sugar Maple,2024,6.0,1.0,6.1,-0.01639344262295076,normal,15.24,hardwood,39.43907200405727,144.7413942548902,40.967308485507594,-0.037303804861648235
Middle,691,Sugar Maple,2025,6.3,1.0,6.0,0.04999999999999997,normal,16.002,hardwood,44.12269949212058,161.93030713608252,39.43907200405727,0.1187560267032014
Middle,692,Sugar Maple,2022,16.1,,,,initial,40.894000000000005,hardwood,381.8372789432117,1401.342813721587,,
Middle,692,Sugar Maple,2023,16.22,1.0,16.1,0.007453416149068163,normal,41.1988,hardwood,388.4147969576927,1425.4823048347323,381.8372789432117,0.017225971316067498
Middle,692,Sugar Maple,2024,16.19,1.0,16.22,-0.0018495684340319105,normal,41.122600000000006,hardwood,386.76446362090644,1419.4255814887267,388.4147969576927,-0.0042488940939241155
Middle,692,Sugar Maple,2025,16.3,1.0,16.19,0.006794317479925844,normal,41.402,hardwood,392.835114909359,1441.7048717173475,386.76446362090644,0.0156959903493171
Middle,693,Sugar Maple,2022,7.9,,,,initial,20.066000000000003,hardwood,74.25421677940489,272.5129755804159,,
Middle,693,Sugar Maple,2023,7.83,1.0,7.9,-0.008860759493670921,normal,19.8882,hardwood,72.74964264406272,266.9911885037102,74.25421677940489,-0.020262473979248484
Middle,693,Sugar Maple,2024,7.66,1.0,7.83,-0.021711366538952736,normal,19.456400000000002,hardwood,69.16796234700332,253.8464218135022,72.74964264406272,-0.04923296069759736
Middle,693,Sugar Maple,2025,7.85,1.0,7.66,0.02480417754569184,normal,19.939,hardwood,73.177744953533,268.5623239794661,69.16796234700332,0.05797167460873438
Middle,694,Sugar Maple,2022,8.6,,,,initial,21.843999999999998,hardwood,90.26621858864445,331.27702222032514,,
Middle,694,Sugar Maple,2023,8.64,1.0,8.6,0.004651162790697782,normal,21.945600000000002,hardwood,91.23477793541305,334.8316350229659,90.26621858864445,0.010730031255462891
Middle,694,Sugar Maple,2024,8.55,1.0,8.64,-0.010416666666666649,normal,21.717000000000002,hardwood,89.06372918170156,326.86388609684474,91.23477793541305,-0.023796284737476078
Middle,694,Sugar Maple,2025,8.56,1.0,8.55,0.0011695906432748287,normal,21.7424,hardwood,89.30349798479428,327.743837604195,89.06372918170156,0.0026921037923704743
Middle,695,Red Oak,2022,25.2,,,,initial,64.008,hardwood,1070.0401052698733,3927.047186340435,,
Middle,695,Red Oak,2023,24.44,1.0,25.2,-0.03015873015873008,normal,62.077600000000004,hardwood,997.2672915040465,3659.9709598198506,1070.0401052698733,-0.06800942638264276
Middle,695,Red Oak,2024,24.7,1.0,24.44,0.010638297872340344,normal,62.738,hardwood,1021.837423482448,3750.143344180584,997.2672915040465,0.02463745897185258
Middle,695,Red Oak,2025,25.06,1.0,24.7,0.014574898785425078,normal,63.6524,hardwood,1056.4167168989543,3877.0493510191623,1021.837423482448,0.033840308273951424
Middle,696,Sugar Maple,2022,4.8,,,,initial,12.192,hardwood,23.606611760229864,86.63626516004359,,
Middle,696,Sugar Maple,2023,4.51,1.0,4.8,-0.060416666666666674,normal,11.4554,hardwood,20.454311140922254,75.06732188718468,23.606611760229864,-0.13353464916207505
Middle,696,Sugar Maple,2024,4.63,1.0,4.51,0.026607538802660778,normal,11.7602,hardwood,21.727766776672528,79.74090407038818,20.454311140922254,0.06225854427346194
Middle,696,Sugar Maple,2025,4.7,1.0,4.63,0.01511879049676032,normal,11.938,hardwood,22.490747242659054,82.54104238055872,21.727766776672528,0.03511545727772084
Middle,697,Sugar Maple,2022,5.4,,,,initial,13.716000000000001,hardwood,30.951696570906748,113.59272641522776,,
Middle,697,Sugar Maple,2023,5.27,1.0,5.4,-0.024074074074074216,normal,13.3858,hardwood,29.264642736627458,107.40123884342277,30.951696570906748,-0.05450602135538661
Middle,697,Sugar Maple,2024,5.36,1.0,5.27,0.01707779886148022,normal,13.614400000000002,hardwood,30.426908460093284,111.66675404854234,29.264642736627458,0.039715698357429136
Middle,697,Sugar Maple,2025,5.4,1.0,5.36,0.007462686567164185,normal,13.716000000000001,hardwood,30.951696570906748,113.59272641522776,30.426908460093284,0.017247500234923812
Middle,698,Sugar Maple,2022,6.3,,,,initial,16.002,hardwood,44.12269949212058,161.93030713608252,,
Middle,698,Sugar Maple,2023,5.91,1.0,6.3,-0.06190476190476186,normal,15.0114,hardwood,38.09167038578155,139.79643031581827,44.12269949212058,-0.13668767268911217
Middle,698,Sugar Maple,2024,5.96,1.0,5.91,0.008460236886632796,normal,15.1384,hardwood,38.83695832484282,142.53163705217315,38.09167038578155,0.019565640769050232
Middle,698,Sugar Maple,2025,6.03,1.0,5.96,0.011744966442953067,normal,15.3162,hardwood,39.89409610379394,146.41133270092377,38.83695832484282,0.027219891169358242
Middle,699,Basswood,2022,17.6,,,,initial,44.70400000000001,hardwood,468.66006410115403,1719.9824352512353,,
Middle,699,Basswood,2023,17.19,1.0,17.6,-0.023295454545454553,normal,43.662600000000005,hardwood,443.92880724463976,1629.2187225878279,468.66006410115403,-0.05277013927770122
Middle,699,Basswood,2024,17.33,1.0,17.19,0.008144269924374462,normal,44.01819999999999,hardwood,452.28845881433745,1659.8986438486183,443.92880724463976,0.018831063524766625
Middle,699,Basswood,2025,17.4,1.0,17.33,0.004039238315060606,normal,44.196,hardwood,456.5013673091518,1675.3600180245871,452.28845881433745,0.009314649562048085
Middle,700,Basswood,2022,14.6,,,,initial,37.083999999999996,hardwood,304.9231375962875,1119.0679149783753,,
Middle,700,Basswood,2023,14.55,1.0,14.6,-0.0034246575342465023,normal,36.957,hardwood,302.5266903814126,1110.2729536997842,304.9231375962875,-0.007859184559643887
Middle,700,Basswood,2024,13.69,1.0,14.55,-0.059106529209622075,normal,34.7726,hardwood,262.9703245274323,965.1010910156765,302.5266903814126,-0.13075330908525576
Middle,700,Basswood,2025,13.8,1.0,13.69,0.008035062089116233,normal,35.052,hardwood,267.8555875626219,983.0300063548224,262.9703245274323,0.018577240774101084
Middle,701,Sugar Maple,2022,13.0,,,,initial,33.02,hardwood,233.4793749165397,856.8693059437007,,
Middle,701,Sugar Maple,2023,13.3,1.0,13.0,0.02307692307692313,normal,33.782000000000004,hardwood,246.0580544890023,903.0330599746384,233.4793749165397,0.05387490683902595
Middle,701,Sugar Maple,2024,13.16,1.0,13.3,-0.010526315789473726,normal,33.4264,hardwood,240.14157625654553,881.3195848615221,246.0580544890023,-0.02404505003806412
Middle,701,Sugar Maple,2025,13.2,1.0,13.16,0.0030395136778114855,normal,33.528,hardwood,241.82369533779874,887.4929618897213,240.14157625654553,0.0070046974267220655
Middle,702,Sugar Maple,2022,12.31,,,,initial,31.267400000000002,hardwood,205.9549969212044,755.8548387008202,,
Middle,702,Sugar Maple,2023,12.1,1.0,12.31,-0.017059301380991133,normal,30.733999999999998,hardwood,197.96351814207748,726.5261115814243,205.9549969212044,-0.03880206306518685
Middle,702,Sugar Maple,2024,12.19,1.0,12.1,0.007438016528925609,normal,30.9626,hardwood,201.3665523874761,739.0152472620373,197.96351814207748,0.017190208970504797
Middle,702,Sugar Maple,2025,12.2,1.0,12.19,0.0008203445447087603,normal,30.988,hardwood,201.74669188684177,740.4103592247093,201.3665523874761,0.0018877986182838933
Middle,703,Sugar Maple,2022,16.17,,,,initial,41.0718,hardwood,385.666447474377,1415.3958622309635,,
Middle,703,Sugar Maple,2023,10.3,1.0,16.17,-0.3630179344465059,normal,26.162000000000003,hardwood,136.67982952173418,501.61497434476445,385.666447474377,-0.6456009320571893
Middle,703,Sugar Maple,2024,4.19,1.0,10.3,-0.5932038834951456,normal,10.642600000000002,hardwood,17.269154081094413,63.377795477616495,136.67982952173418,-0.873652504970762
Middle,703,Sugar Maple,2025,4.2,1.0,4.19,0.002386634844868684,normal,10.668000000000001,hardwood,17.36409605187606,63.726232510385145,17.269154081094413,0.00549777773339727
Middle,704,Mockernut Hickory,2022,18.17,,,,initial,46.1518,hardwood,504.3071718929818,1850.807320847243,,
Middle,704,Mockernut Hickory,2023,18.03,1.0,18.17,-0.007705008255366018,normal,45.796200000000006,hardwood,495.4148074617369,1818.1723433845746,504.3071718929818,-0.01763283357217829
Middle,704,Mockernut Hickory,2024,18.94,1.0,18.03,0.05047143649473101,normal,48.107600000000005,hardwood,554.820824435302,2036.1924256775585,495.4148074617369,0.1199116701374601
Middle,704,Mockernut Hickory,2025,19.0,1.0,18.94,0.0031678986272438603,normal,48.26,hardwood,558.8716682502761,2051.0590224785133,554.820824435302,0.007301174787548837
Middle,705,Mockernut Hickory,2022,13.14,,,,initial,33.3756,hardwood,239.30300467917252,878.2420271725631,,
Middle,705,Mockernut Hickory,2023,13.4,1.0,13.14,0.019786910197869084,normal,34.036,hardwood,250.33400518608528,918.725799032933,239.30300467917252,0.04609637276264769
Middle,705,Mockernut Hickory,2024,13.06,1.0,13.4,-0.025373134328358197,normal,33.1724,hardwood,235.96528713009675,865.9926037674551,250.33400518608528,-0.05739818705536056
Middle,705,Mockernut Hickory,2025,13.2,1.0,13.06,0.010719754977029004,normal,33.528,hardwood,241.82369533779874,887.4929618897213,235.96528713009675,0.024827415417556814
Middle,706,Sugar Maple,2022,6.78,,,,initial,17.2212,hardwood,52.24047384226478,191.72253900111173,,
Middle,706,Sugar Maple,2023,6.8,1.0,6.78,0.0029498525073745683,normal,17.272,hardwood,52.59558752896721,193.02580623130964,52.24047384226478,0.0067976735390008845
Middle,706,Sugar Maple,2024,7.69,1.0,6.8,0.13088235294117656,normal,19.532600000000002,hardwood,69.79260251661219,256.13885123596674,52.59558752896721,0.3269668767969113
Middle,706,Sugar Maple,2025,7.7,1.0,7.69,0.0013003901170350828,normal,19.558,hardwood,70.00152148417524,256.90558384692315,69.79260251661219,0.002993425664465276
Middle,707,Sugar Maple,2022,3.5,,,,initial,8.89,hardwood,11.416561318986751,41.89878004068138,,
Middle,707,Sugar Maple,2023,3.74,1.0,3.5,0.06857142857142863,normal,9.499600000000001,hardwood,13.297913287013408,48.803341763339205,11.416561318986751,0.16479147402272537
Middle,707,Sugar Maple,2024,3.44,1.0,3.74,-0.08021390374331558,normal,8.7376,hardwood,10.971429822304144,40.26514744785621,13.297913287013408,-0.1749510178398653
Middle,707,Sugar Maple,2025,3.55,1.0,3.44,0.03197674418604648,normal,9.017,hardwood,11.795165084982617,43.288255861886206,10.971429822304144,0.07508002840285029
Middle,708,Sassafras,2022,16.51,,,,initial,41.9354,hardwood,404.57317163460374,1484.7835398989957,,
Middle,708,Sassafras,2023,16.56,1.0,16.51,0.0030284675953965567,normal,42.0624,hardwood,407.39676514800686,1495.146128093185,404.57317163460374,0.006979191185601638
Middle,708,Sassafras,2024,17.1,1.0,16.56,0.03260869565217408,normal,43.434000000000005,hardwood,438.60125045486575,1609.6665891693572,407.39676514800686,0.0765948283745511
Middle,708,Sassafras,2025,17.1,1.0,17.1,0.0,normal,43.434000000000005,hardwood,438.60125045486575,1609.6665891693572,438.60125045486575,0.0
Middle,709,sugar maple,2022,12.6,,,,initial,32.004,hardwood,217.28565992568332,797.4383719272578,,
Middle,709,sugar maple,2023,12.76,1.0,12.6,0.01269841269841271,normal,32.4104,hardwood,223.6842278351026,820.9211161548266,217.28565992568332,0.029447722926619922
Middle,709,sugar maple,2024,12.44,1.0,12.76,-0.025078369905956136,normal,31.5976,hardwood,210.99185308088434,774.3401008068455,223.6842278351026,-0.05674237686340109
Middle,709,sugar maple,2025,12.9,1.0,12.44,0.03697749196141486,normal,32.766,hardwood,229.36922401131957,841.7850521215428,210.99185308088434,0.0870999077077645
Middle,710,Sugar Maple,2022,3.0,,,,initial,7.62,hardwood,8.00862018634041,29.391636083869304,,
Middle,710,Sugar Maple,2023,2.62,1.0,3.0,-0.12666666666666662,normal,6.654800000000001,hardwood,5.865050847991394,21.524736612128414,8.00862018634041,-0.26765775982298573
Middle,710,Sugar Maple,2024,2.55,1.0,2.62,-0.026717557251908504,normal,6.476999999999999,hardwood,5.510883455237382,20.22494228072119,5.865050847991394,-0.060386073698799
Middle,710,Sugar Maple,2025,2.7,1.0,2.55,0.05882352941176485,normal,6.8580000000000005,hardwood,6.285147427752522,23.066491059851753,5.510883455237382,0.1404972503599767
Middle,711,Sugar Maple,2022,18.23,,,,initial,46.3042,hardwood,508.1455767405488,1864.894266637814,,
Middle,711,Sugar Maple,2023,15.6,1.0,18.23,-0.14426769061985742,normal,39.624,hardwood,355.112032328014,1303.2611586438113,508.1455767405488,-0.3011608314966625
Middle,711,Sugar Maple,2024,15.8,1.0,15.6,0.01282051282051289,normal,40.132000000000005,hardwood,365.6706566210666,1342.0113097993144,355.112032328014,0.029733220313131224
Middle,711,Sugar Maple,2025,15.9,1.0,15.8,0.00632911392405061,normal,40.386,hardwood,371.0156229671586,1361.6273362894722,365.6706566210666,0.014616886122286904
Middle,712,Beech ,2022,1.6,,,,initial,4.064,hardwood,1.8864911481235163,6.923422513613304,,
Middle,712,Beech ,2023,1.56,1.0,1.6,-0.025000000000000022,normal,3.9624,hardwood,1.7797761711023588,6.531778547945657,1.8864911481235163,-0.056567971245084496
Middle,712,Beech ,2024,1.6,1.0,1.56,0.025641025641025664,normal,4.064,hardwood,1.8864911481235163,6.923422513613304,1.7797761711023588,0.05995977401757229
Middle,712,Beech ,2025,1.85,1.0,1.6,0.15625,normal,4.699000000000001,hardwood,2.6343518930067713,9.668071447334851,1.8864911481235163,0.39642950120765136
Middle,713,Red Oak,2022,24.43,,,,initial,62.0522,hardwood,996.3290325986054,3656.5275496368818,,
Middle,713,Red Oak,2023,25.97,1.0,24.43,0.06303724928366759,normal,65.96379999999999,hardwood,1146.7382418575808,4208.529347617321,996.3290325986054,0.15096339094594188
Middle,713,Red Oak,2024,26.19,1.0,25.97,0.00847131305352339,normal,66.52260000000001,hardwood,1169.204445636839,4290.980315487199,1146.7382418575808,0.019591396675553083
Middle,713,Red Oak,2025,26.35,1.0,26.19,0.006109201985490651,normal,66.929,hardwood,1185.6984075243054,4351.5131556142005,1169.204445636839,0.014106995529325522
Middle,714,Mocker Nut Hickory ,2022,15.45,,,,initial,39.243,hardwood,347.30762987055584,1274.61900162494,,
Middle,714,Mocker Nut Hickory ,2023,15.66,1.0,15.45,0.013592233009708793,normal,39.7764,hardwood,358.2612644563075,1314.8188405546487,347.30762987055584,0.03153870990347714
Middle,714,Mocker Nut Hickory ,2024,15.88,1.0,15.66,0.01404853128991064,normal,40.3352,hardwood,369.94312192997796,1357.6912574830192,358.2612644563075,0.032607090502509886
Middle,714,Mocker Nut Hickory ,2025,16.0,1.0,15.88,0.0075566750629722425,normal,40.64,hardwood,376.40446953732254,1381.4044032019738,369.94312192997796,0.017465786561015096
Middle,715,Sugar Maple,2024,1.94,,,,initial,4.9276,hardwood,2.9384803471622503,10.784222874085458,,
Middle,715,Sugar Maple,2025,2.0,1.0,1.94,0.03092783505154642,normal,5.08,hardwood,3.1517212627355704,11.566817034239543,2.9384803471622503,0.0725684334691063
Middle,716,Sugar Maple,2022,12.79,,,,initial,32.486599999999996,hardwood,224.89565448317308,825.3670519532452,,
Middle,716,Sugar Maple,2023,12.9,1.0,12.79,0.008600469116497358,normal,32.766,hardwood,229.36922401131957,841.7850521215428,224.89565448317308,0.019891756194343076
Middle,716,Sugar Maple,2024,12.75,1.0,12.9,-0.011627906976744214,normal,32.385,hardwood,223.28124063338666,819.442153124529,229.36922401131957,-0.026542285279007035
Middle,716,Sugar Maple,2025,13.05,1.0,12.75,0.023529411764705938,normal,33.147000000000006,hardwood,235.5499348577526,864.468260927952,223.28124063338666,0.054947268250405024
Middle,718,Sugar Maple,2022,6.78,,,,initial,17.2212,hardwood,52.24047384226478,191.72253900111173,,
Middle,718,Sugar Maple,2023,7.0,1.0,6.78,0.03244837758112091,normal,17.78,hardwood,56.22174274992082,206.33379589220942,52.24047384226478,0.07621042871236416
Middle,718,Sugar Maple,2024,7.0,1.0,7.0,0.0,normal,17.78,hardwood,56.22174274992082,206.33379589220942,56.22174274992082,0.0
Middle,718,Sugar Maple,2025,7.1,1.0,7.0,0.014285714285714235,normal,18.034,hardwood,58.08620639542944,213.17637747122606,56.22174274992082,0.033162679673625864
Middle,719,Sugar Maple,2022,5.67,,,,initial,14.4018,hardwood,34.62739707539074,127.08254726668402,,
Middle,719,Sugar Maple,2023,5.9,1.0,5.67,0.040564373897707305,normal,14.986,hardwood,37.9435917037269,139.25298155267774,34.62739707539074,0.09576794412574953
Middle,719,Sugar Maple,2024,6.0,1.0,5.9,0.01694915254237282,normal,15.24,hardwood,39.43907200405727,144.7413942548902,37.9435917037269,0.03941325091223458
Middle,720,Sugar Maple,2022,5.47,,,,initial,13.893799999999999,hardwood,31.8823013344878,117.00804589757023,,
Middle,720,Sugar Maple,2023,5.5,1.0,5.47,0.0054844606946984,normal,13.97,hardwood,32.285907447058705,118.48928033070544,31.8823013344878,0.01265925280413543
Middle,720,Sugar Maple,2024,5.75,1.0,5.5,0.045454545454545456,normal,14.605,hardwood,35.76142816420109,131.244441362618,32.285907447058705,0.10764822772416802
Middle,720,Sugar Maple,2025,5.8,1.0,5.75,0.008695652173913012,normal,14.732,hardwood,36.480702833679814,133.8841793996049,35.76142816420109,0.020113141627792992
Middle,721,Beech,2022,1.9,,,,initial,4.826,hardwood,2.800993453630146,10.279645974822635,,
Middle,721,Beech,2023,1.97,1.0,1.9,0.036842105263157926,normal,5.0038,hardwood,3.044045444974771,11.171646783057408,2.800993453630146,0.08677349496466139
Middle,721,Beech,2024,1.95,1.0,1.97,-0.0101522842639594,normal,4.953,hardwood,2.9734347849726235,10.912505660849527,3.044045444974771,-0.0231963225512005
Middle,721,Beech,2025,2.04,1.0,1.95,0.0461538461538462,normal,5.1816,hardwood,3.2985889264909622,12.105821360221832,2.9734347849726235,0.10935304287204418
Middle,722,Sugar Maple,2022,15.9,,,,initial,40.386,hardwood,371.0156229671586,1361.6273362894722,,
Middle,722,Sugar Maple,2023,16.8,1.0,15.9,0.05660377358490568,normal,42.672000000000004,hardwood,421.1047687729014,1545.4545013965483,371.0156229671586,0.13500548954019811
Middle,722,Sugar Maple,2024,17.25,1.0,16.8,0.026785714285714243,normal,43.815,hardwood,447.5007219108198,1642.3276494127085,421.1047687729014,0.06268262697389089
Middle,722,Sugar Maple,2025,17.3,1.0,17.25,0.0028985507246377224,normal,43.942,hardwood,450.4896824672929,1653.2971346549648,447.5007219108198,0.006679230691987036
Middle,724,Sugar Maple,2022,9.0,,,,initial,22.86,hardwood,100.21588898634975,367.7923125799036,,
Middle,724,Sugar Maple,2023,8.86,1.0,9.0,-0.01555555555555562,normal,22.5044,hardwood,96.66658403901872,354.7663634231987,100.21588898634975,-0.035416588958408414
Middle,724,Sugar Maple,2024,8.81,1.0,8.86,-0.005643340857787691,normal,22.3774,hardwood,95.41648218868723,350.1784896324821,96.66658403901872,-0.012932099160831996
Middle,724,Sugar Maple,2025,8.9,1.0,8.81,0.010215664018161165,normal,22.606,hardwood,97.67329231217857,358.46098278569536,95.41648218868723,0.023652204228494608
Middle,725,Sugar Maple,2022,13.49,,,,initial,34.2646,hardwood,254.2179989311367,932.9800560772717,,
Middle,725,Sugar Maple,2023,13.44,1.0,13.49,-0.0037064492216457162,normal,34.1376,hardwood,252.05605207395826,925.0457111114267,254.2179989311367,-0.008504302867099783
Middle,725,Sugar Maple,2024,13.94,1.0,13.44,0.03720238095238095,normal,35.4076,hardwood,274.1468065380793,1006.1187799947511,252.05605207395826,0.0876422299022568
Middle,725,Sugar Maple,2025,14.0,1.0,13.94,0.004304160688665746,normal,35.56,hardwood,276.8683379803203,1016.1068003877755,274.1468065380793,0.00992727756565331
Middle,726,Sugar Maple,2022,10.13,,,,initial,25.730200000000004,hardwood,131.54687512438633,482.77703170649784,,
Middle,726,Sugar Maple,2023,9.83,1.0,10.13,-0.029615004935834223,normal,24.9682,hardwood,122.75859314636394,450.5240368471556,131.54687512438633,-0.0668072272314526
Middle,726,Sugar Maple,2024,9.9,1.0,9.83,0.007121057985757913,normal,25.146,hardwood,124.77849961247537,457.9370935777846,122.75859314636394,0.016454297938256108
Middle,726,Sugar Maple,2025,9.9,1.0,9.9,0.0,normal,25.146,hardwood,124.77849961247537,457.9370935777846,124.77849961247537,0.0
Middle,727,Sugar Maple,2022,18.75,,,,initial,47.625,hardwood,542.1029084912169,1989.517674162766,,
Middle,727,Sugar Maple,2023,17.34,1.0,18.75,-0.0752,normal,44.0436,hardwood,452.88895140038153,1662.1024516394002,542.1029084912169,-0.16457015023058266
Middle,727,Sugar Maple,2024,18.6,1.0,17.34,0.07266435986159178,normal,47.24400000000001,hardwood,532.1800418282869,1953.1007535098129,452.88895140038153,0.17507843850623594
Middle,727,Sugar Maple,2025,18.6,1.0,18.6,0.0,normal,47.24400000000001,hardwood,532.1800418282869,1953.1007535098129,532.1800418282869,0.0
Middle,728,Sugar Maple,2022,15.14,,,,initial,38.455600000000004,hardwood,331.4883916433261,1216.5623973310069,,
Middle,728,Sugar Maple,2023,14.25,1.0,15.14,-0.0587846763540291,normal,36.195,hardwood,288.37194032114536,1058.3250209786036,331.4883916433261,-0.13006926459305115
Middle,728,Sugar Maple,2024,14.5,1.0,14.25,0.017543859649122806,normal,36.83,hardwood,300.14092507413557,1101.5171950220774,288.37194032114536,0.04081182357716107
Middle,728,Sugar Maple,2025,14.5,1.0,14.5,0.0,normal,36.83,hardwood,300.14092507413557,1101.5171950220774,300.14092507413557,0.0
Middle,729,Sugar Maple,2022,5.91,,,,initial,15.0114,hardwood,38.09167038578155,139.79643031581827,,
Middle,729,Sugar Maple,2023,5.83,1.0,5.91,-0.013536379018612533,normal,14.808200000000001,hardwood,36.91615727557765,135.48229720137,38.09167038578155,-0.0308601092653232
Middle,729,Sugar Maple,2024,5.75,1.0,5.83,-0.013722126929674111,normal,14.605,hardwood,35.76142816420109,131.244441362618,36.91615727557765,-0.031279775485746085
Middle,729,Sugar Maple,2025,5.8,1.0,5.75,0.008695652173913012,normal,14.732,hardwood,36.480702833679814,133.8841793996049,35.76142816420109,0.020113141627792992
Middle,730,Sugar Maple,2022,7.73,,,,initial,19.6342,hardwood,70.63039704637738,259.21355716020497,,
Middle,730,Sugar Maple,2023,7.55,1.0,7.73,-0.023285899094437335,normal,19.177,hardwood,66.9047266044754,245.54034663842472,70.63039704637738,-0.052748824836077735
Middle,730,Sugar Maple,2024,7.63,1.0,7.55,0.010596026490066236,normal,19.3802,hardwood,68.54649438077563,251.56563437744654,66.9047266044754,0.024538890742442792
Middle,730,Sugar Maple,2025,7.7,1.0,7.63,0.009174311926605542,normal,19.558,hardwood,70.00152148417524,256.90558384692315,68.54649438077563,0.021226863846850328
Middle,799,Beech,2025,2.1,,,,initial,5.3340000000000005,hardwood,3.5260071571740457,12.940446266828747,,
