Plot,TreeID,Species,Year,DBH,GapYears,PrevDBH,GrowthRate,GrowthType,DBH_cm,Group,Carbon,CO2e,PrevCarbon,CarbonGrowthRate
Middle,401,beech,2024,3.19,,,,initial,8.1026,hardwood,9.223534629485762,33.850372090212744,,
Middle,401,beech,2025,3.2,1.0,3.19,0.0031347962382445,normal,8.128,hardwood,9.290172151347615,34.094931795445746,9.223534629485762,0.007224727237303
Middle,416 (was 683),sugar maple,2022,2.25,,,,initial,5.715,hardwood,4.132364321957084,15.165777061582498,,
Middle,416 (was 683),sugar maple,2023,5.96,1.0,2.25,1.6488888888888888,normal,15.1384,hardwood,38.83695832484282,142.53163705217315,4.132364321957084,8.398241611584158
Middle,416 (was 683),sugar maple,2024,2.88,1.0,5.96,-0.5167785234899329,normal,7.3152,hardwood,7.29090657839054,26.75762714269328,38.83695832484282,-0.8122688569633227
Middle,416 (was 683),sugar maple,2025,3.2,1.0,2.88,0.1111111111111112,normal,8.128,hardwood,9.290172151347615,34.094931795445746,7.29090657839054,0.2742135770718395
Middle,417 (was 654),sugar maple,2022,6.87,,,,initial,17.4498,hardwood,53.849206346271494,197.6265872908164,,
Middle,417 (was 654),sugar maple,2023,7.02,1.0,6.87,0.0218340611353711,normal,17.8308,hardwood,56.591886247241774,207.6922225273773,53.849206346271494,0.0509325965425335
Middle,417 (was 654),sugar maple,2024,7.07,1.0,7.02,0.0071225071225072,normal,17.957800000000002,hardwood,57.523256374201445,211.1103508933193,56.591886247241774,0.0164576618437959
Middle,417 (was 654),sugar maple,2025,7.3,1.0,7.07,0.0325318246110324,normal,18.542,hardwood,61.91863730426167,227.2413989066403,57.523256374201445,0.0764105025881585
Middle,479,sugar maple,2024,5.69,,,,initial,14.4526,hardwood,34.90896914125528,128.11591674840687,,
Middle,479,sugar maple,2025,5.9,1.0,5.69,0.0369068541300527,normal,14.986,hardwood,37.9435917037269,139.25298155267774,34.90896914125528,0.0869295953768317
Middle,510,beech,2024,1.5,,,,initial,3.81,hardwood,1.62625523446548,5.968356710488312,,
Middle,510,beech,2025,1.5,1.0,1.5,0.0,normal,3.81,hardwood,1.62625523446548,5.968356710488312,1.62625523446548,0.0
Middle,516 (was 679),sugar maple,2022,3.0,,,,initial,7.62,hardwood,8.00862018634041,29.391636083869304,,
Middle,516 (was 679),sugar maple,2023,3.0,1.0,3.0,0.0,normal,7.62,hardwood,8.00862018634041,29.391636083869304,8.00862018634041,0.0
Middle,516 (was 679),sugar maple,2024,3.06,1.0,3.0,0.02,normal,7.7724,hardwood,8.381815414795094,30.76126257229799,8.00862018634041,0.0465991918422113
Middle,516 (was 679),sugar maple,2025,3.2,1.0,3.06,0.0457516339869281,normal,8.128,hardwood,9.290172151347615,34.094931795445746,8.381815414795094,0.1083723145404923
Middle,596,red maple,2024,1.44,,,,initial,3.6576,hardwood,1.4805140849767895,5.433486691864817,,
Middle,596,red maple,2025,1.52,1.0,1.44,0.0555555555555556,normal,3.8608,hardwood,1.676559859116108,6.152974682956116,1.4805140849767895,0.1324173651089526
Middle,601,red oak,2022,21.94,,,,initial,55.7276,hardwood,778.0778372650766,2855.545662762831,,
Middle,601,red oak,2023,21.69,1.0,21.94,-0.011394712853236,normal,55.0926,hardwood,757.836958404744,2781.2616373454102,778.0778372650766,-0.0260139511639076
Middle,601,red oak,2024,23.75,1.0,21.69,0.0949746426924849,normal,60.325,hardwood,933.6951947624874,3426.661364778329,757.836958404744,0.2320528636237629
Middle,601,red oak,2025,23.8,1.0,23.75,0.0021052631578947,normal,60.452000000000005,hardwood,938.2224331817864,3443.276329777156,933.6951947624874,0.0048487326963812
Middle,602,sugar maple,2022,0.28,,,,initial,0.7112,hardwood,0.0342485574487544,0.1256922058369289,,
Middle,602,sugar maple,2023,1.48,1.0,0.28,4.285714285714286,normal,3.7592,hardwood,1.5768150521300262,5.7869112413171955,0.0342485574487544,45.04033482255092
Middle,602,sugar maple,2024,2.44,1.0,1.48,0.6486486486486487,normal,6.1976,hardwood,4.979381623436866,18.274330558013297,1.5768150521300262,2.1578729646894943
Middle,602,sugar maple,2025,2.5,1.0,2.44,0.0245901639344262,normal,6.35,hardwood,5.265514724444983,19.324439038713088,4.979381623436866,0.0574635813534256
Middle,603,sugar maple,2022,6.53,,,,initial,16.5862,hardwood,47.915842482077075,175.85114190922286,,
Middle,603,sugar maple,2023,6.84,1.0,6.53,0.0474732006125573,normal,17.3736,hardwood,53.30989726366762,195.64732295766015,47.915842482077075,0.1125735143571396
Middle,603,sugar maple,2024,10.63,1.0,6.84,0.5540935672514621,normal,27.000200000000003,hardwood,146.96209014335213,539.3508708261023,53.30989726366762,1.7567505789119469
Middle,603,sugar maple,2025,10.67,1.0,10.63,0.0037629350893696,normal,27.1018,hardwood,148.23712256626746,544.0302398182016,146.96209014335213,0.0086759273882918
Middle,604,sugar maple,2022,5.69,,,,initial,14.4526,hardwood,34.90896914125528,128.11591674840687,,
Middle,604,sugar maple,2023,5.94,1.0,5.69,0.0439367311072056,normal,15.087600000000002,hardwood,38.53786358273381,141.4339593486331,34.90896914125528,0.1039530679578253
Middle,604,sugar maple,2024,6.88,1.0,5.94,0.1582491582491581,normal,17.4752,hardwood,54.02965812854221,198.2888453317499,38.53786358273381,0.4019889299921964
Middle,604,sugar maple,2025,7.0,1.0,6.88,0.0174418604651162,normal,17.78,hardwood,56.22174274992082,206.33379589220945,54.02965812854221,0.0405718765823654
Middle,605,red oak,2022,48.5,,,,initial,123.19,hardwood,4823.7502090723,17703.163267295342,,
Middle,605,red oak,2023,48.54,1.0,48.5,0.0008247422680412,normal,123.2916,hardwood,4832.9053213243415,17736.762529260333,4823.7502090723,0.0018979241990646
Middle,605,red oak,2024,48.6,1.0,48.54,0.0012360939431397,normal,123.444,hardwood,4846.656389755285,17787.228950401895,4832.9053213243415,0.0028453006042285
Middle,605,red oak,2025,50.3,1.0,48.6,0.0349794238683126,normal,127.762,hardwood,5245.479296554621,19250.909018355454,4846.656389755285,0.0822882570430113
Middle,606,sugar maple,2022,2.25,,,,initial,5.715,hardwood,4.132364321957084,15.165777061582498,,
Middle,606,sugar maple,2023,1.05,1.0,2.25,-0.5333333333333333,normal,2.6670000000000003,hardwood,0.716001940745964,2.6277271225376877,4.132364321957084,-0.8267331036274976
Middle,606,sugar maple,2024,3.18,1.0,1.05,2.0285714285714285,normal,8.077200000000001,hardwood,9.15716811875587,33.60680699583404,0.716001940745964,11.789306282068884
Middle,606,sugar maple,2025,3.3,1.0,3.18,0.0377358490566036,normal,8.382,hardwood,9.971508719079994,36.595436999023576,9.15716811875587,0.088929305410062
Middle,607,sugar maple,2022,0.63,,,,initial,1.6002,hardwood,0.2211373369862338,0.8115740267394781,,
Middle,607,sugar maple,2023,0.84,1.0,0.63,0.3333333333333332,normal,2.1336,hardwood,0.4285694103812142,1.572849736099056,0.2211373369862338,0.9380237467899571
Middle,607,sugar maple,2024,1.81,1.0,0.84,1.1547619047619049,normal,4.5974,hardwood,2.5051834491849845,9.194023258508892,0.4285694103812142,4.845455574994523
Middle,607,sugar maple,2025,1.8,1.0,1.81,-0.005524861878453,normal,4.572,hardwood,2.473463883486683,9.077612452396126,2.5051834491849845,-0.0126615740290878
Middle,608,sugar maple,2022,2.25,,,,initial,5.715,hardwood,4.132364321957084,15.165777061582498,,
Middle,608,sugar maple,2023,2.45,1.0,2.25,0.0888888888888889,normal,6.223000000000001,hardwood,5.026443505177434,18.447047664001182,4.132364321957084,0.216360202915728
Middle,608,sugar maple,2024,3.45,1.0,2.45,0.4081632653061224,normal,8.763,hardwood,11.044923960425043,40.53487093475991,5.026443505177434,1.1973635929754982
Middle,608,sugar maple,2025,3.47,1.0,3.45,0.0057971014492753,normal,8.8138,hardwood,11.192744848648362,41.07737359453949,11.044923960425043,0.0133836039752717
Middle,609,sugar maple,2022,1.19,,,,initial,3.0225999999999997,hardwood,0.954853672559553,3.5043129782935596,,
Middle,609,sugar maple,2023,1.23,1.0,1.19,0.0336134453781512,normal,3.1242,hardwood,1.030292570058792,3.781173732115766,0.954853672559553,0.0790057153961817
Middle,609,sugar maple,2024,2.14,1.0,1.23,0.7398373983739839,normal,5.4356,hardwood,3.682396001582103,13.51439332580632,1.030292570058792,2.5741265234708752
Middle,609,sugar maple,2025,2.2,1.0,2.14,0.0280373831775701,normal,5.588000000000001,hardwood,3.9241985910482433,14.401808829147052,3.682396001582103,0.0656644720888932
Middle,610,sugar maple,2022,4.0,,,,initial,10.16,hardwood,15.520896100149129,56.961688687547294,,
Middle,610,sugar maple,2023,3.23,1.0,4.0,-0.1925,normal,8.2042,hardwood,9.49171332685186,34.83458790954633,15.520896100149129,-0.3884558426519804
Middle,610,sugar maple,2024,4.0,1.0,3.23,0.2383900928792569,normal,10.16,hardwood,15.520896100149129,56.961688687547294,9.49171332685186,0.6352048956473257
Middle,610,sugar maple,2025,4.1,1.0,4.0,0.0249999999999999,normal,10.414,hardwood,16.427886061758493,60.29034184665367,15.520896100149129,0.0584367008036766
Middle,611,sugar maple,2022,2.5,,,,initial,6.35,hardwood,5.265514724444983,19.324439038713088,,
Middle,611,sugar maple,2023,1.48,1.0,2.5,-0.408,normal,3.7592,hardwood,1.5768150521300262,5.7869112413171955,5.265514724444983,-0.7005392379191889
Middle,611,sugar maple,2024,2.33,1.0,1.48,0.5743243243243243,normal,5.918200000000001,hardwood,4.47813755810549,16.434764838247148,1.5768150521300262,1.8399890983132352
Middle,611,sugar maple,2025,2.5,1.0,2.33,0.0729613733905579,normal,6.35,hardwood,5.265514724444983,19.324439038713088,4.47813755810549,0.1758269271818882
Middle,612,sugar maple,2022,5.63,,,,initial,14.3002,hardwood,34.068116192315905,125.02998642579936,,
Middle,612,sugar maple,2023,4.72,1.0,5.63,-0.1616341030195382,normal,11.9888,hardwood,22.711478557264556,83.35112630516092,34.068116192315905,-0.333350912945778
Middle,612,sugar maple,2024,5.9,1.0,4.72,0.2500000000000001,normal,14.986,hardwood,37.9435917037269,139.25298155267774,22.711478557264556,0.6706790624862317
Middle,612,sugar maple,2025,6.0,1.0,5.9,0.0169491525423728,normal,15.24,hardwood,39.43907200405727,144.7413942548902,37.9435917037269,0.0394132509122345
Middle,613,mockernut hickory,2022,10.0,,,,initial,25.4,hardwood,127.69644638473106,468.645958231963,,
Middle,613,mockernut hickory,2023,8.82,1.0,10.0,-0.1179999999999999,normal,22.402800000000003,hardwood,95.66576691400604,351.09336457440213,127.69644638473106,-0.2508345406435289
Middle,613,mockernut hickory,2024,10.0,1.0,8.82,0.1337868480725623,normal,25.4,hardwood,127.69644638473106,468.645958231963,95.66576691400604,0.3348186138466586
Middle,613,mockernut hickory,2025,10.0,1.0,10.0,0.0,normal,25.4,hardwood,127.69644638473106,468.645958231963,127.69644638473106,0.0
Middle,614,sugar maple,2022,4.38,,,,initial,11.1252,hardwood,19.123583029698775,70.1835497189945,,
Middle,614,sugar maple,2023,4.5,1.0,4.38,0.0273972602739726,normal,11.43,hardwood,20.350148995533267,74.68504681360709,19.123583029698775,0.0641389201976243
Middle,614,sugar maple,2024,4.55,1.0,4.5,0.011111111111111,normal,11.557,hardwood,20.87396850827397,76.60746442536546,20.350148995533267,0.0257403281349771
Middle,614,sugar maple,2025,5.05,1.0,4.55,0.1098901098901098,normal,12.827,hardwood,26.53071664693372,97.36773009424677,20.87396850827397,0.2709953373943984
Middle,615,mockernut hickory,2022,10.0,,,,initial,25.4,hardwood,127.69644638473106,468.645958231963,,
Middle,615,mockernut hickory,2023,17.4,1.0,10.0,0.7399999999999999,normal,44.196,hardwood,456.5013673091518,1675.3600180245871,127.69644638473106,2.5748948403292187
Middle,615,mockernut hickory,2024,17.65,1.0,17.4,0.014367816091954,normal,44.831,hardwood,471.7279879263785,1731.241715689809,456.5013673091518,0.0333550383583296
Middle,615,mockernut hickory,2025,17.75,1.0,17.65,0.0056657223796034,normal,45.085,hardwood,477.8978026014306,1753.8849355472505,471.7279879263785,0.0130791787491206
Middle,616,sugar maple,2022,5.63,,,,initial,14.3002,hardwood,34.068116192315905,125.02998642579936,,
Middle,616,sugar maple,2023,1.8,1.0,5.63,-0.680284191829485,normal,4.572,hardwood,2.473463883486683,9.077612452396126,34.068116192315905,-0.9273965173323973
Middle,616,sugar maple,2024,1.75,1.0,1.8,-0.0277777777777778,normal,4.445,hardwood,2.3182823223737237,8.508096123111565,2.473463883486683,-0.0627385595354681
Middle,616,sugar maple,2025,1.8,1.0,1.75,0.0285714285714286,normal,4.572,hardwood,2.473463883486683,9.077612452396126,2.3182823223737237,0.0669381634908326
Middle,617,sugar maple,2022,3.88,,,,initial,9.8552,hardwood,14.470774652530537,53.107742974787065,,
Middle,617,sugar maple,2023,3.95,1.0,3.88,0.0180412371134021,normal,10.033,hardwood,15.078291379656756,55.337329363340295,14.470774652530537,0.0419823224197595
Middle,617,sugar maple,2024,3.95,1.0,3.95,0.0,normal,10.033,hardwood,15.078291379656756,55.337329363340295,15.078291379656756,0.0
Middle,617,sugar maple,2025,4.0,1.0,3.95,0.0126582278481012,normal,10.16,hardwood,15.520896100149129,56.961688687547294,15.078291379656756,0.0293537715479833
Middle,618,norway maple,2022,1.88,,,,initial,4.7752,hardwood,2.7336434258813203,10.032471372984444,,
Middle,618,norway maple,2023,2.0,1.0,1.88,0.0638297872340426,normal,5.08,hardwood,3.1517212627355704,11.566817034239545,2.7336434258813203,0.15293795558558
Middle,618,norway maple,2024,2.0,1.0,2.0,0.0,normal,5.08,hardwood,3.1517212627355704,11.566817034239545,3.1517212627355704,0.0
Middle,618,norway maple,2025,2.1,1.0,2.0,0.05,normal,5.3340000000000005,hardwood,3.5260071571740457,12.940446266828747,3.1517212627355704,0.1187560267032021
Middle,619,sugar maple,2022,6.5,,,,initial,16.51,hardwood,47.411045443928835,173.99853677921882,,
Middle,619,sugar maple,2023,6.7,1.0,6.5,0.0307692307692307,normal,17.018,hardwood,50.833598900463016,186.5593079646993,47.411045443928835,0.0721889472060239
Middle,619,sugar maple,2024,6.48,1.0,6.7,-0.0328358208955223,normal,16.459200000000003,hardwood,47.07619196438106,172.7696245092785,50.833598900463016,-0.0739158158650012
Middle,619,sugar maple,2025,6.7,1.0,6.48,0.0339506172839505,normal,17.018,hardwood,50.833598900463016,186.5593079646993,47.07619196438106,0.0798154391698652
Middle,620,sugar maple,2022,2.38,,,,initial,6.0451999999999995,hardwood,4.702251058134278,17.2572613833528,,
Middle,620,sugar maple,2023,2.4,1.0,2.38,0.0084033613445378,normal,6.096,hardwood,4.7936317430245,17.592628496899916,4.702251058134278,0.0194333913184293
Middle,620,sugar maple,2024,2.38,1.0,2.4,-0.0083333333333333,normal,6.0451999999999995,hardwood,4.702251058134278,17.2572613833528,4.7936317430245,-0.0190629338649543
Middle,620,sugar maple,2025,2.4,1.0,2.38,0.0084033613445378,normal,6.096,hardwood,4.7936317430245,17.592628496899916,4.702251058134278,0.0194333913184293
Middle,621,mockernut hickory,2022,6.75,,,,initial,17.145,hardwood,51.71035140944077,189.77698967264763,,
Middle,621,mockernut hickory,2023,6.6,1.0,6.75,-0.0222222222222222,normal,16.764,hardwood,49.10546900846182,180.21707126105483,51.71035140944077,-0.0503744865385574
Middle,621,mockernut hickory,2024,6.48,1.0,6.6,-0.018181818181818,normal,16.459200000000003,hardwood,47.07619196438106,172.7696245092785,49.10546900846182,-0.0413248683915649
Middle,621,mockernut hickory,2025,6.5,1.0,6.48,0.0030864197530863,normal,16.51,hardwood,47.411045443928835,173.99853677921882,47.07619196438106,0.0071130111756093
Middle,622,red oak,2022,17.0,,,,initial,43.18,hardwood,432.7243465602261,1588.0983518760297,,
Middle,622,red oak,2023,16.7,1.0,17.0,-0.0176470588235294,normal,42.418,hardwood,415.3619362137748,1524.3783059045536,432.7243465602261,-0.0401234885082547
Middle,622,red oak,2024,16.52,1.0,16.7,-0.0107784431137724,normal,41.9608,hardwood,405.1370024418308,1486.852798961519,415.3619362137748,-0.0246169253378131
Middle,622,red oak,2025,16.9,1.0,16.52,0.0230024213075059,normal,42.925999999999995,hardwood,426.8922123892106,1566.6944194684029,405.1370024418308,0.0536984028026504
Middle,623,sugar maple,2022,5.13,,,,initial,13.0302,hardwood,27.507349872243513,100.95197403113367,,
Middle,623,sugar maple,2023,5.22,1.0,5.13,0.0175438596491227,normal,13.2588,hardwood,28.629974982304752,105.07200818505844,27.507349872243513,0.0408118235771608
Middle,623,sugar maple,2024,5.3,1.0,5.22,0.0153256704980843,normal,13.462,hardwood,29.64922266914349,108.8126471957566,28.629974982304752,0.0356007187386193
Middle,623,sugar maple,2025,5.3,1.0,5.3,0.0,normal,13.462,hardwood,29.64922266914349,108.8126471957566,29.64922266914349,0.0
Middle,624,red oak,2022,46.53,,,,initial,118.1862,hardwood,4384.951886237319,16092.77342249096,,
Middle,624,red oak,2023,43.7,1.0,46.53,-0.0608209757145927,normal,110.998,hardwood,3795.64963029253,13930.034143173589,4384.951886237319,-0.134391954856878
Middle,624,red oak,2024,51.19,1.0,43.7,0.1713958810068648,normal,130.02259999999998,hardwood,5461.40784189968,20043.366779771823,3795.64963029253,0.4388598458385024
Middle,624,red oak,2025,51.4,1.0,51.19,0.0041023637429185,normal,130.556,hardwood,5513.076074384793,20232.98919299219,5461.40784189968,0.0094606068583117
Middle,625,sugar maple,2022,5.52,,,,initial,14.0208,hardwood,32.5565735155881,119.48262480220832,,
Middle,625,sugar maple,2023,1.5,1.0,5.52,-0.7282608695652174,normal,3.81,hardwood,1.62625523446548,5.968356710488312,32.5565735155881,-0.9500483294506769
Middle,625,sugar maple,2024,5.63,1.0,1.5,2.7533333333333334,normal,14.3002,hardwood,34.068116192315905,125.02998642579936,1.62625523446548,19.94881262811951
Middle,625,sugar maple,2025,5.7,1.0,5.63,0.0124333925399645,normal,14.478000000000002,hardwood,35.05023867647802,128.63437594267432,34.068116192315905,0.0288282004974384
Middle,626,sugar maple,2022,1.43,,,,initial,3.6322,hardwood,1.456973651174651,5.347093299810969,,
Middle,626,sugar maple,2023,1.5,1.0,1.43,0.0489510489510489,normal,3.81,hardwood,1.62625523446548,5.968356710488312,1.456973651174651,0.1161871274434852
Middle,626,sugar maple,2024,1.5,1.0,1.5,0.0,normal,3.81,hardwood,1.62625523446548,5.968356710488312,1.62625523446548,0.0
Middle,626,sugar maple,2025,1.5,1.0,1.5,0.0,normal,3.81,hardwood,1.62625523446548,5.968356710488312,1.62625523446548,0.0
Middle,627,sugar maple,2022,12.87,,,,initial,32.6898,hardwood,228.14421949355005,837.2892855413286,,
Middle,627,sugar maple,2023,13.0,1.0,12.87,0.0101010101010101,normal,33.02,hardwood,233.4793749165397,856.8693059437007,228.14421949355005,0.0233850124926812
Middle,627,sugar maple,2024,13.19,1.0,13.0,0.0146153846153845,normal,33.5026,hardwood,241.40254334054612,885.9473340598042,233.4793749165397,0.0339351963180415
Middle,627,sugar maple,2025,13.4,1.0,13.19,0.0159211523881729,normal,34.036,hardwood,250.33400518608528,918.725799032933,241.40254334054612,0.0369982093889523
Middle,628,sugar maple,2022,4.5,,,,initial,11.43,hardwood,20.350148995533267,74.68504681360709,,
Middle,628,sugar maple,2023,4.45,1.0,4.5,-0.011111111111111,normal,11.303,hardwood,19.833841435142535,72.7901980669731,20.350148995533267,-0.0253711931300384
Middle,628,sugar maple,2024,4.63,1.0,4.45,0.0404494382022471,normal,11.7602,hardwood,21.727766776672528,79.74090407038818,19.833841435142535,0.0954895877192124
Middle,628,sugar maple,2025,4.6,1.0,4.63,-0.0064794816414687,normal,11.684,hardwood,21.405324916793116,78.55754244463074,21.727766776672528,-0.0148400828853517
Middle,629,sugar maple,2022,6.09,,,,initial,15.4686,hardwood,40.81300615354787,149.78373258352067,,
Middle,629,sugar maple,2023,6.01,1.0,6.09,-0.0131362889983579,normal,15.2654,hardwood,39.59041892239694,145.2968374451968,40.81300615354787,-0.0299558240466598
Middle,630,sugar maple,2022,7.3,,,,initial,18.542,hardwood,61.91863730426167,227.2413989066403,,
Middle,630,sugar maple,2023,7.5,1.0,7.3,0.0273972602739726,normal,19.05,hardwood,65.89003184106538,241.8164168567099,61.91863730426167,0.0641389201976247
Middle,630,sugar maple,2024,7.56,1.0,7.5,0.0079999999999999,normal,19.2024,hardwood,67.10871782163238,246.28899440539084,65.89003184106538,0.0184957564371287
Middle,630,sugar maple,2025,7.6,1.0,7.56,0.0052910052910052,normal,19.304,hardwood,67.92819488567018,249.29647523040956,67.10871782163238,0.0122111864246293
Middle,631,sugar maple,2022,4.82,,,,initial,12.2428,hardwood,23.833454751036697,87.46877893630466,,
Middle,631,sugar maple,2023,4.9,1.0,4.82,0.0165975103734439,normal,12.446000000000002,hardwood,24.75311136157214,90.84391869696977,23.833454751036697,0.0385867940733789
Middle,631,sugar maple,2024,4.63,1.0,4.9,-0.0551020408163266,normal,11.7602,hardwood,21.727766776672528,79.74090407038818,24.75311136157214,-0.1222207802771936
Middle,631,sugar maple,2025,4.75,1.0,4.63,0.0259179265658747,normal,12.065,hardwood,23.044862105096374,84.5746439257037,21.727766776672528,0.0606180718875311
Middle,632,red oak,2022,29.28,,,,initial,74.3712,hardwood,1511.0967729264482,5545.725156640065,,
Middle,632,red oak,2023,29.5,1.0,29.28,0.0075136612021857,normal,74.93,hardwood,1537.3383049215438,5642.031579062065,1511.0967729264482,0.0173658844789107
Middle,632,red oak,2024,29.13,1.0,29.5,-0.0125423728813559,normal,73.9902,hardwood,1493.351100248955,5480.598537913665,1537.3383049215438,-0.0286125731283549
Middle,632,red oak,2025,29.9,1.0,29.13,0.0264332303467215,normal,75.946,hardwood,1585.7055446332456,5819.539348804011,1493.351100248955,0.0618437582219575
Middle,633,sugar maple,2022,8.81,,,,initial,22.3774,hardwood,95.41648218868724,350.1784896324821,,
Middle,633,sugar maple,2023,9.0,1.0,8.81,0.0215664018161179,normal,22.86,hardwood,100.21588898634975,367.7923125799036,95.41648218868724,0.0502995571370116
Middle,633,sugar maple,2024,9.88,1.0,9.0,0.0977777777777778,normal,25.0952,hardwood,124.19948189734085,455.8120985632409,100.21588898634975,0.2393192651741867
Middle,633,sugar maple,2025,9.9,1.0,9.88,0.0020242914979756,normal,25.146,hardwood,124.77849961247536,457.9370935777846,124.19948189734085,0.0046619978303381
Middle,634,sugar maple,2022,5.3,,,,initial,13.462,hardwood,29.64922266914349,108.8126471957566,,
Middle,634,sugar maple,2023,5.17,1.0,5.3,-0.0245283018867924,normal,13.1318,hardwood,28.003161220120138,102.7716016778409,29.64922266914349,-0.0555178618809605
Middle,634,sugar maple,2024,5.13,1.0,5.17,-0.0077369439071566,normal,13.0302,hardwood,27.507349872243513,100.95197403113367,28.003161220120138,-0.0177055491692269
Middle,634,sugar maple,2025,5.1,1.0,5.13,-0.0058479532163743,normal,12.954,hardwood,27.138773514041727,99.59929879653312,27.507349872243513,-0.0133991954846111
Middle,635,white ash,2022,14.59,,,,initial,37.0586,hardwood,304.44299307236906,1117.3057845755943,,
Middle,635,white ash,2023,14.34,1.0,14.59,-0.0171350239890335,normal,36.4236,hardwood,292.5781299132175,1073.761736781508,304.44299307236906,-0.0389723640521796
Middle,636,beech,2022,1.5,,,,initial,3.81,hardwood,1.62625523446548,5.968356710488312,,
Middle,636,beech,2023,1.87,1.0,1.5,0.2466666666666667,normal,4.7498000000000005,hardwood,2.700315483478517,9.910157824366156,1.62625523446548,0.6604499873392015
Middle,636,beech,2024,1.88,1.0,1.87,0.0053475935828875,normal,4.7752,hardwood,2.7336434258813203,10.032471372984444,2.700315483478517,0.0123422402333045
Middle,636,beech,2025,1.9,1.0,1.88,0.0106382978723404,normal,4.826,hardwood,2.800993453630146,10.279645974822635,2.7336434258813203,0.0246374589718526
Middle,637,sugar maple,2022,2.06,,,,initial,5.2324,hardwood,3.373443326628323,12.380537008725945,,
Middle,637,sugar maple,2023,2.0,1.0,2.06,-0.029126213592233,normal,5.08,hardwood,3.1517212627355704,11.566817034239545,3.373443326628323,-0.0657257414531278
Middle,637,sugar maple,2024,1.95,1.0,2.0,-0.025,normal,4.953,hardwood,2.9734347849726235,10.912505660849527,3.1517212627355704,-0.0565679712450844
Middle,637,sugar maple,2025,2.0,1.0,1.95,0.0256410256410256,normal,5.08,hardwood,3.1517212627355704,11.566817034239545,2.9734347849726235,0.0599597740175722
Middle,638,sugar maple,2022,5.13,,,,initial,13.0302,hardwood,27.507349872243513,100.95197403113367,,
Middle,638,sugar maple,2023,5.06,1.0,5.13,-0.01364522417154,normal,12.8524,hardwood,26.651705172208583,97.8117579820055,27.507349872243513,-0.0311060390771531
Middle,638,sugar maple,2024,5.05,1.0,5.06,-0.0019762845849801,normal,12.827,hardwood,26.53071664693372,97.36773009424677,26.651705172208583,-0.0045396166771733
Middle,638,sugar maple,2025,5.3,1.0,5.05,0.0495049504950495,normal,13.462,hardwood,29.64922266914349,108.8126471957566,26.53071664693372,0.1175432259787898
Middle,639,red oak,2023,60.94,,,,initial,154.7876,hardwood,8155.572379180791,29930.950631593503,,
Middle,639,red oak,2024,61.0,1.0,60.94,0.0009845749917952,normal,154.94,hardwood,8174.052676683807,29998.77332342957,8155.572379180791,0.0022659718587245
Middle,639,red oak,2025,52.0,1.0,61.0,-0.1475409836065573,normal,132.08,hardwood,5662.216903991863,20780.336037650137,8174.052676683807,-0.3072938078631259
Middle,640,american hophornbeam,2022,5.13,,,,initial,13.0302,hardwood,27.507349872243513,100.95197403113367,,
Middle,640,american hophornbeam,2023,4.89,1.0,5.13,-0.0467836257309942,normal,12.4206,hardwood,24.63707738340499,90.41807399709631,27.507349872243513,-0.1043456567851631
Middle,640,american hophornbeam,2024,5.0,1.0,4.89,0.0224948875255624,normal,12.7,hardwood,25.930436145543343,95.16470065414408,24.63707738340499,0.0524964362457022
Middle,640,american hophornbeam,2025,5.1,1.0,5.0,0.0199999999999999,normal,12.954,hardwood,27.138773514041727,99.59929879653312,25.930436145543343,0.0465991918422112
Middle,642,sugar maple,2022,7.8,,,,initial,19.812,hardwood,72.1101498083406,264.64424979661,,
Middle,642,sugar maple,2023,7.73,1.0,7.8,-0.0089743589743588,normal,19.6342,hardwood,70.63039704637738,259.21355716020497,72.1101498083406,-0.0205207278849954
Middle,642,sugar maple,2024,7.75,1.0,7.73,0.002587322121604,normal,19.685,hardwood,71.05141434398648,260.7586906424304,70.63039704637738,0.0059608513503421
Middle,642,sugar maple,2025,7.8,1.0,7.75,0.0064516129032257,normal,19.812,hardwood,72.1101498083406,264.64424979661,71.05141434398648,0.0149009766255796
Middle,643,sugar maple,2022,29.7,,,,initial,75.438,hardwood,1561.4160709450828,5730.396980368454,,
Middle,643,sugar maple,2023,29.5,1.0,29.7,-0.0067340067340067,normal,74.93,hardwood,1537.3383049215438,5642.031579062065,1561.4160709450828,-0.0154204676585436
Middle,643,sugar maple,2024,29.88,1.0,29.5,0.0128813559322033,normal,75.8952,hardwood,1583.2670582431513,5810.590103752365,1537.3383049215438,0.0298755018167269
Middle,643,sugar maple,2025,30.0,1.0,29.88,0.0040160642570281,normal,76.2,hardwood,1597.9298052704062,5864.4023853423905,1583.2670582431513,0.009261069982423
Middle,644,sugar maple,2022,7.5,,,,initial,19.05,hardwood,65.89003184106538,241.8164168567099,,
Middle,644,sugar maple,2023,7.5,1.0,7.5,0.0,normal,19.05,hardwood,65.89003184106538,241.8164168567099,65.89003184106538,0.0
Middle,644,sugar maple,2024,7.44,1.0,7.5,-0.0079999999999999,normal,18.8976,hardwood,64.68395456286956,237.39011324573127,65.89003184106538,-0.0183043966514543
Middle,644,sugar maple,2025,7.7,1.0,7.44,0.0349462365591397,normal,19.558,hardwood,70.00152148417524,256.90558384692315,64.68395456286956,0.08220843881982
Middle,645,white ash,2022,10.1,,,,initial,25.654,hardwood,130.65257432763767,479.49494778243024,,
Middle,645,white ash,2023,9.13,1.0,10.1,-0.0960396039603959,normal,23.1902,hardwood,103.576587874566,380.1260774996573,130.65257432763767,-0.2072365324021337
Middle,645,white ash,2024,10.94,1.0,9.13,0.198247535596933,normal,27.7876,hardwood,157.00686869013526,576.2152080927964,103.576587874566,0.5158528767164521
Middle,645,white ash,2025,10.0,1.0,10.94,-0.0859232175502741,normal,25.4,hardwood,127.69644638473106,468.645958231963,157.00686869013526,-0.1866824206477902
Middle,646,sugar maple,2022,0.38,,,,initial,0.9652,hardwood,0.0691323124058748,0.2537155865295605,,
Middle,646,sugar maple,2023,0.52,1.0,0.38,0.368421052631579,normal,1.3208,hardwood,0.1422284581340135,0.5219784413518296,0.0691323124058748,1.0573369121372984
Middle,646,sugar maple,2024,1.44,1.0,0.52,1.769230769230769,normal,3.6576,hardwood,1.4805140849767895,5.433486691864817,0.1422284581340135,9.409408246426942
Middle,646,sugar maple,2025,1.6,1.0,1.44,0.1111111111111112,normal,4.064,hardwood,1.8864911481235165,6.923422513613304,1.4805140849767895,0.2742135770718394
Middle,647,sugar maple,2022,8.81,,,,initial,22.3774,hardwood,95.41648218868724,350.1784896324821,,
Middle,647,sugar maple,2023,9.04,1.0,8.81,0.0261066969353006,normal,22.961599999999997,hardwood,101.24327884986872,371.56283337901823,95.41648218868724,0.0610669826378522
Middle,647,sugar maple,2024,10.25,1.0,9.04,0.133849557522124,normal,26.035,hardwood,135.15860541580835,496.03208187601666,101.24327884986872,0.3349884254166823
Middle,647,sugar maple,2025,10.3,1.0,10.25,0.0048780487804878,normal,26.162000000000003,hardwood,136.67982952173418,501.6149743447645,135.15860541580835,0.011255103596592
Middle,648,sugar maple,2022,7.7,,,,initial,19.558,hardwood,70.00152148417524,256.90558384692315,,
Middle,648,sugar maple,2023,7.6,1.0,7.7,-0.012987012987013,normal,19.304,hardwood,67.92819488567018,249.29647523040956,70.00152148417524,-0.0296183076388384
Middle,648,sugar maple,2024,7.7,1.0,7.6,0.0131578947368421,normal,19.558,hardwood,70.00152148417524,256.90558384692315,67.92819488567018,0.0305223273192328
Middle,648,sugar maple,2025,8.0,1.0,7.7,0.0389610389610389,normal,20.32,hardwood,76.43385809522198,280.5122592094647,70.00152148417524,0.091888525772984
Middle,649,sugar maple,2022,7.3,,,,initial,18.542,hardwood,61.91863730426167,227.2413989066403,,
Middle,649,sugar maple,2023,7.22,1.0,7.3,-0.010958904109589,normal,18.3388,hardwood,60.36905339355144,221.55442595433377,61.91863730426167,-0.0250261307124015
Middle,649,sugar maple,2024,7.19,1.0,7.22,-0.0041551246537395,normal,18.262600000000003,hardwood,59.793676780544274,219.44279378459748,60.36905339355144,-0.0095309861702854
Middle,649,sugar maple,2025,7.2,1.0,7.19,0.0013908205841446,normal,18.288,hardwood,59.98512295785456,220.14540125532625,59.793676780544274,0.0032017796465825
Middle,650,white ash,2022,13.78,,,,initial,35.0012,hardwood,266.96357657457617,979.7563260286944,,
Middle,650,white ash,2023,14.45,1.0,13.78,0.048621190130624,normal,36.703,hardwood,297.76583064889456,1092.800598481443,266.96357657457617,0.1153799872984313
Middle,650,white ash,2025,15.4,2.0,14.45,0.0328719723183391,annualized,39.116,hardwood,344.72792840354595,1265.1514972410137,297.76583064889456,0.0788574324533998
Middle,651,sugar maple,2022,10.77,,,,initial,27.3558,hardwood,151.4519708525787,555.8287330289638,,
Middle,651,sugar maple,2023,11.95,1.0,10.77,0.1095636025998142,normal,30.353,hardwood,192.3645291277821,705.9778218989603,151.4519708525787,0.2701355290716363
Middle,651,sugar maple,2024,12.13,1.0,11.95,0.0150627615062762,normal,30.8102,hardwood,199.0942207390415,730.6757901122824,192.3645291277821,0.0349840567893317
Middle,651,sugar maple,2025,12.3,1.0,12.13,0.0140148392415498,normal,31.242,hardwood,205.57039384307413,754.443345404082,199.0942207390415,0.0325281822847139
Middle,652,sugar maple,2022,4.06,,,,initial,10.312399999999998,hardwood,16.061595667839168,58.94605610096974,,
Middle,652,sugar maple,2023,5.21,1.0,4.06,0.2832512315270937,normal,13.2334,hardwood,28.503984632950345,104.60962360292775,16.061595667839168,0.7746670519184536
Middle,652,sugar maple,2024,5.16,1.0,5.21,-0.0095969289827254,normal,13.1064,hardwood,27.878738956648057,102.31497197089836,28.503984632950345,-0.021935377960438
Middle,652,sugar maple,2025,5.2,1.0,5.16,0.0077519379844961,normal,13.208,hardwood,28.37830826309261,104.14839132554988,27.878738956648057,0.0179193652633066
Middle,653,sugar maple,2022,4.5,,,,initial,11.43,hardwood,20.350148995533267,74.68504681360709,,
Middle,653,sugar maple,2023,3.71,1.0,4.5,-0.1755555555555555,normal,9.4234,hardwood,13.05385558355698,47.90764999165412,20.350148995533267,-0.3585375917187524
Middle,653,sugar maple,2024,3.5,1.0,3.71,-0.0566037735849056,normal,8.89,hardwood,11.416561318986751,41.89878004068138,13.05385558355698,-0.1254261052675206
Middle,653,sugar maple,2025,3.8,1.0,3.5,0.0857142857142856,normal,9.652,hardwood,13.793709769009748,50.62291485226577,11.416561318986751,0.2082193038344732
Middle,655,sugar maple,2022,2.35,,,,initial,5.969,hardwood,4.567040835923054,16.761039867837606,,
Middle,655,sugar maple,2023,2.3,1.0,2.35,-0.0212765957446809,normal,5.842,hardwood,4.346631614612262,15.952138025627,4.567040835923054,-0.0482608387420395
Middle,655,sugar maple,2024,2.28,1.0,2.3,-0.008695652173913,normal,5.7912,hardwood,4.260189912756195,15.634896979815236,4.346631614612262,-0.0198870549704447
Middle,655,sugar maple,2025,2.4,1.0,2.28,0.0526315789473684,normal,6.096,hardwood,4.7936317430245,17.592628496899916,4.260189912756195,0.1252155047527416
Middle,656,red oak,2022,22.99,,,,initial,58.3946,hardwood,866.4000038295947,3179.6880140546123,,
Middle,656,red oak,2023,23.4,1.0,22.99,0.0178338408003479,normal,59.436,hardwood,902.3505422703712,3311.626490132262,866.4000038295947,0.0414941577583918
Middle,656,red oak,2024,23.3,1.0,23.4,-0.0042735042735041,normal,59.182,hardwood,893.5059110934641,3279.166693713013,902.3505422703712,-0.0098017685617536
Middle,656,red oak,2025,23.7,1.0,23.3,0.0171673819742488,normal,60.198,hardwood,929.1803297433696,3410.0918101581665,893.5059110934641,0.0399263375955146
Middle,657,mockernut hickory,2022,20.5,,,,initial,52.07,hardwood,665.5990478926494,2442.7485057660233,,
Middle,657,mockernut hickory,2023,20.8,1.0,20.5,0.0146341463414634,normal,52.832,hardwood,688.2155514225341,2525.7510737207,665.5990478926494,0.0339791704953465
Middle,657,mockernut hickory,2024,21.32,1.0,20.8,0.0249999999999999,normal,54.1528,hardwood,728.4325976894498,2673.347633520281,688.2155514225341,0.0584367008036763
Middle,657,mockernut hickory,2025,21.5,1.0,21.32,0.0084427767354596,normal,54.61,hardwood,742.6552737664744,2725.5448547229607,728.4325976894498,0.0195250406449932
Middle,658,sugar maple,2022,5.0,,,,initial,12.7,hardwood,25.930436145543343,95.16470065414408,,
Middle,658,sugar maple,2023,5.06,1.0,5.0,0.0119999999999999,normal,12.8524,hardwood,26.651705172208583,97.8117579820055,25.930436145543343,0.0278155377956959
Middle,658,sugar maple,2024,5.2,1.0,5.06,0.0276679841897234,normal,13.208,hardwood,28.37830826309261,104.14839132554988,26.651705172208583,0.0647839633422203
Middle,658,sugar maple,2025,5.2,1.0,5.2,0.0,normal,13.208,hardwood,28.37830826309261,104.14839132554988,28.37830826309261,0.0
Middle,659,mockernut hickory,2022,16.13,,,,initial,40.9702,hardwood,383.47570682384,1407.3558440434929,,
Middle,659,mockernut hickory,2023,16.06,1.0,16.13,-0.004339739615623,normal,40.7924,hardwood,379.6588743684705,1393.3480689322869,383.47570682384,-0.0099532575009317
Middle,659,mockernut hickory,2024,16.42,1.0,16.06,0.0224159402241595,normal,41.70680000000001,hardwood,399.5186550775456,1466.2334641345922,379.6588743684705,0.0523095390358255
Middle,659,mockernut hickory,2025,16.5,1.0,16.42,0.0048721071863579,normal,41.91,hardwood,404.0097846139097,1482.7159095330485,399.5186550775456,0.0112413512592857
Middle,660,sugar maple,2022,3.25,,,,initial,8.255,hardwood,9.627433818896398,35.332682115349776,,
Middle,660,sugar maple,2023,3.26,1.0,3.25,0.003076923076923,normal,8.2804,hardwood,9.695702734583229,35.58322903592044,9.627433818896398,0.0070910812757635
Middle,660,sugar maple,2024,3.32,1.0,3.26,0.0184049079754601,normal,8.4328,hardwood,10.111053401895584,37.1075659849568,9.695702734583229,0.0428386346696521
Middle,660,sugar maple,2025,3.35,1.0,3.32,0.0090361445783133,normal,8.509,hardwood,10.322428130578198,37.88331123922198,10.111053401895584,0.0209053122638027
Middle,661,sugar maple,2022,5.75,,,,initial,14.605,hardwood,35.76142816420109,131.244441362618,,
Middle,661,sugar maple,2023,5.76,1.0,5.75,0.0017391304347825,normal,14.6304,hardwood,35.90463560882084,131.7700126843725,35.76142816420109,0.0040045225252806
Middle,661,sugar maple,2024,5.88,1.0,5.76,0.0208333333333333,normal,14.9352,hardwood,37.64841192157415,138.16967175217712,35.90463560882084,0.0485668851162191
Middle,661,sugar maple,2025,5.9,1.0,5.88,0.0034013605442177,normal,14.986,hardwood,37.9435917037269,139.25298155267774,37.64841192157415,0.0078404311652678
Middle,662,sugar maple,2022,5.0,,,,initial,12.7,hardwood,25.930436145543343,95.16470065414408,,
Middle,662,sugar maple,2023,2.7,1.0,5.0,-0.4599999999999999,normal,6.8580000000000005,hardwood,6.285147427752522,23.066491059851753,25.930436145543343,-0.7576150515758776
Middle,662,sugar maple,2024,2.41,1.0,2.7,-0.1074074074074074,normal,6.1214,hardwood,4.839695183744366,17.761681324341822,6.285147427752522,-0.2299790515057223
Middle,662,sugar maple,2025,2.75,1.0,2.41,0.1410788381742738,normal,6.985,hardwood,6.556076423102267,24.06080047278532,4.839695183744366,0.3546465581392203
Middle,663,sugar maple,2022,4.13,,,,initial,10.4902,hardwood,16.705671239650414,61.309813449517016,,
Middle,663,sugar maple,2023,4.1,1.0,4.13,-0.0072639225181598,normal,10.414,hardwood,16.427886061758493,60.29034184665367,16.705671239650414,-0.0166281961321378
Middle,663,sugar maple,2024,4.1,1.0,4.1,0.0,normal,10.414,hardwood,16.427886061758493,60.29034184665367,16.427886061758493,0.0
Middle,663,sugar maple,2025,4.25,1.0,4.1,0.0365853658536586,normal,10.795,hardwood,17.84322495219531,65.48463557455679,16.427886061758493,0.0861546570944086
Middle,664,sugar maple,2022,2.0,,,,initial,5.08,hardwood,3.1517212627355704,11.566817034239545,,
Middle,664,sugar maple,2023,1.9,1.0,2.0,-0.05,normal,4.826,hardwood,2.800993453630146,10.279645974822635,3.1517212627355704,-0.1112813538596387
Middle,664,sugar maple,2024,1.56,1.0,1.9,-0.1789473684210525,normal,3.9624,hardwood,1.7797761711023588,6.531778547945657,2.800993453630146,-0.3645910993487929
Middle,664,sugar maple,2025,1.8,1.0,1.56,0.1538461538461538,normal,4.572,hardwood,2.473463883486683,9.077612452396126,1.7797761711023588,0.3897612091045514
Middle,665,sugar maple,2022,2.25,,,,initial,5.715,hardwood,4.132364321957084,15.165777061582498,,
Middle,665,sugar maple,2023,2.2,1.0,2.25,-0.0222222222222221,normal,5.588000000000001,hardwood,3.9241985910482433,14.401808829147052,4.132364321957084,-0.050374486538557
Middle,665,sugar maple,2024,2.11,1.0,2.2,-0.040909090909091,normal,5.3594,hardwood,3.5647449201152663,13.082613856823029,3.9241985910482433,-0.0915992558972298
Middle,666,red oak,2022,19.46,,,,initial,49.4284,hardwood,590.4829122577748,2167.0722879860336,,
Middle,666,red oak,2023,20.0,1.0,19.46,0.027749229188078,normal,50.8,hardwood,628.851066282241,2307.8834132558245,590.4829122577748,0.0649775856811189
Middle,666,red oak,2024,19.49,1.0,20.0,-0.0255,normal,49.5046,hardwood,592.5787064153732,2174.7638525444195,628.851066282241,-0.0576803663247477
Middle,666,red oak,2025,20.2,1.0,19.49,0.0364289379168805,normal,51.308,hardwood,643.4087478904099,2361.3101047578043,592.5787064153732,0.0857777050115719
Middle,667,pignut hickory,2022,7.53,,,,initial,19.1262,hardwood,66.49779685355993,244.04691445256495,,
Middle,667,pignut hickory,2023,7.65,1.0,7.53,0.0159362549800796,normal,19.431,hardwood,68.96045407531659,253.08486645641187,66.49779685355993,0.0370336663510803
Middle,667,pignut hickory,2024,7.36,1.0,7.65,-0.0379084967320261,normal,18.6944,hardwood,63.095412587322755,231.5601641954745,68.96045407531659,-0.0850493455508313
Middle,667,pignut hickory,2025,7.5,1.0,7.36,0.0190217391304347,normal,19.05,hardwood,65.89003184106538,241.8164168567099,63.095412587322755,0.0442919562476103
Middle,668,hophornbeam,2022,3.72,,,,initial,9.4488,hardwood,13.134924274872168,48.205172088780856,,
Middle,668,hophornbeam,2023,3.9,1.0,3.72,0.0483870967741934,normal,9.906,hardwood,14.642910495857947,53.739481519798666,13.134924274872168,0.1148073783623283
Middle,668,hophornbeam,2024,3.6,1.0,3.9,-0.0769230769230768,normal,9.144,hardwood,12.180764967060204,44.70340742911094,14.642910495857947,-0.1681459112581623
Middle,668,hophornbeam,2025,3.9,1.0,3.6,0.0833333333333332,normal,9.906,hardwood,14.642910495857947,53.739481519798666,12.180764967060204,0.2021339000839433
Middle,670,sugar maple,2022,3.25,,,,initial,8.255,hardwood,9.627433818896398,35.332682115349776,,
Middle,670,sugar maple,2023,3.2,1.0,3.25,-0.0153846153846153,normal,8.128,hardwood,9.290172151347615,34.094931795445746,9.627433818896398,-0.0350313150828226
Middle,670,sugar maple,2024,3.22,1.0,3.2,0.00625,normal,8.1788,hardwood,9.42426124627311,34.587038773822314,9.290172151347615,0.0144334348966874
Middle,670,sugar maple,2025,3.25,1.0,3.22,0.0093167701863353,normal,8.255,hardwood,9.627433818896398,35.332682115349776,9.42426124627311,0.0215584614341663
Middle,671,sugar maple,2022,1.75,,,,initial,4.445,hardwood,2.3182823223737237,8.508096123111565,,
Middle,671,sugar maple,2023,1.7,1.0,1.75,-0.0285714285714286,normal,4.318,hardwood,2.1687591817568883,7.95934619704778,2.3182823223737237,-0.0644973820374631
Middle,671,sugar maple,2024,2.69,1.0,1.7,0.5823529411764706,normal,6.8326,hardwood,6.231736128169562,22.87047159038229,2.1687591817568883,1.8734108335261548
Middle,671,sugar maple,2025,2.7,1.0,2.69,0.0037174721189591,normal,6.8580000000000005,hardwood,6.285147427752522,23.066491059851753,6.231736128169562,0.008570853849463
Middle,672,sugar maple,2022,2.38,,,,initial,6.0451999999999995,hardwood,4.702251058134278,17.2572613833528,,
Middle,672,sugar maple,2023,2.36,1.0,2.38,-0.0084033613445378,normal,5.9944,hardwood,4.6118632207328485,16.925538020089554,4.702251058134278,-0.0192222482985187
Middle,672,sugar maple,2024,2.38,1.0,2.36,0.0084745762711864,normal,6.0451999999999995,hardwood,4.702251058134278,17.2572613833528,4.6118632207328485,0.0195989848517377
Middle,672,sugar maple,2025,2.4,1.0,2.38,0.0084033613445378,normal,6.096,hardwood,4.7936317430245,17.592628496899916,4.702251058134278,0.0194333913184293
Middle,673,sugar maple,2022,1.5,,,,initial,3.81,hardwood,1.62625523446548,5.968356710488312,,
Middle,673,sugar maple,2023,2.5,1.0,1.5,0.6666666666666666,normal,6.35,hardwood,5.265514724444983,19.324439038713088,1.62625523446548,2.237815696363098
Middle,673,sugar maple,2024,2.44,1.0,2.5,-0.024,normal,6.1976,hardwood,4.979381623436866,18.274330558013297,5.265514724444983,-0.0543409554396939
Middle,673,sugar maple,2025,2.5,1.0,2.44,0.0245901639344262,normal,6.35,hardwood,5.265514724444983,19.324439038713088,4.979381623436866,0.0574635813534256
Middle,674,sugar maple,2022,3.75,,,,initial,9.525,hardwood,13.379834064723504,49.103991017535265,,
Middle,674,sugar maple,2023,4.0,1.0,3.75,0.0666666666666666,normal,10.16,hardwood,15.520896100149129,56.961688687547294,13.379834064723504,0.1600215686583603
Middle,674,sugar maple,2024,3.88,1.0,4.0,-0.03,normal,9.8552,hardwood,14.470774652530537,53.107742974787065,15.520896100149129,-0.0676585579107447
Middle,674,sugar maple,2025,3.9,1.0,3.88,0.0051546391752577,normal,9.906,hardwood,14.642910495857947,53.739481519798666,14.470774652530537,0.0118954131662405
Middle,675,sugar maple,2022,2.85,,,,initial,7.239000000000001,hardwood,7.117410089456821,26.12089502830653,,
Middle,675,sugar maple,2023,2.9,1.0,2.85,0.0175438596491227,normal,7.366,hardwood,7.4078845743540365,27.186936387879314,7.117410089456821,0.0408118235771607
Middle,675,sugar maple,2024,2.88,1.0,2.9,-0.0068965517241379,normal,7.3152,hardwood,7.29090657839054,26.75762714269328,7.4078845743540365,-0.0157910122369444
Middle,675,sugar maple,2025,2.9,1.0,2.88,0.0069444444444444,normal,7.366,hardwood,7.4078845743540365,27.186936387879314,7.29090657839054,0.0160443690651869
Middle,676,red oak,2022,30.46,,,,initial,77.36840000000001,hardwood,1654.845980102517,6073.284746976237,,
Middle,676,red oak,2023,30.6,1.0,30.46,0.0045961917268549,normal,77.724,hardwood,1672.3920428165893,6137.678797136883,1654.845980102517,0.0106028373184224
Middle,676,red oak,2024,30.88,1.0,30.6,0.0091503267973855,normal,78.4352,hardwood,1707.798321764233,6267.619840874735,1672.3920428165893,0.021171040067862
Middle,676,red oak,2025,31.0,1.0,30.88,0.0038860103626943,normal,78.74,hardwood,1723.1008927227972,6323.780276292666,1707.798321764233,0.0089604087107639
Middle,677,black birch,2022,17.07,,,,initial,43.357800000000005,hardwood,436.8334737680425,1603.1788487287158,,
Middle,677,black birch,2023,16.86,1.0,17.07,-0.0123022847100176,normal,42.8244,hardwood,424.5718765205872,1558.1787868305548,436.8334737680425,-0.028069271206918
Middle,678,sugar maple,2022,6.03,,,,initial,15.3162,hardwood,39.89409610379394,146.41133270092377,,
Middle,678,sugar maple,2023,6.2,1.0,6.03,0.0281923714759535,normal,15.748,hardwood,42.52846398772181,156.07946283493902,39.89409610379394,0.0660340286210253
Middle,678,sugar maple,2024,6.25,1.0,6.2,0.0080645161290322,normal,15.875,hardwood,43.32143674949544,158.98967287064826,42.52846398772181,0.0186456948457524
Middle,678,sugar maple,2025,6.3,1.0,6.25,0.0079999999999999,normal,16.002,hardwood,44.12269949212058,161.93030713608252,43.32143674949544,0.0184957564371286
Middle,680,mockernut,2022,10.61,,,,initial,26.9494,hardwood,146.32690762021383,537.0197509661848,,
Middle,680,mockernut,2023,10.7,1.0,10.61,0.0084825636192271,normal,27.177999999999997,hardwood,149.19748428997713,547.5547673442161,146.32690762021383,0.0196175584958972
Middle,680,mockernut,2024,10.69,1.0,10.7,-0.0009345794392523,normal,27.1526,hardwood,148.8769742197109,546.378495386339,149.19748428997713,-0.0021482270414379
Middle,680,mockernut,2025,10.7,1.0,10.69,0.000935453695042,normal,27.177999999999997,hardwood,149.19748428997713,547.5547673442161,148.8769742197109,0.0021528518560112
Middle,681,pignut hickory,2022,7.23,,,,initial,18.3642,hardwood,60.56153793997406,222.2608442397048,,
Middle,681,pignut hickory,2023,7.2,1.0,7.23,-0.004149377593361,normal,18.288,hardwood,59.98512295785456,220.14540125532625,60.56153793997406,-0.009517839238013
Middle,681,pignut hickory,2024,7.3,1.0,7.2,0.0138888888888888,normal,18.542,hardwood,61.91863730426167,227.2413989066403,59.98512295785456,0.0322332313591421
Middle,681,pignut hickory,2025,7.35,1.0,7.3,0.0068493150684931,normal,18.669,hardwood,62.89841353323096,230.8371776669576,61.91863730426167,0.0158236077476118
Middle,682,pignut hickory,2022,9.42,,,,initial,23.9268,hardwood,111.30018546999844,408.47168067489434,,
Middle,682,pignut hickory,2023,9.26,1.0,9.42,-0.0169851380042462,normal,23.5204,hardwood,107.00007472624664,392.6902742453251,111.30018546999844,-0.0386352522737793
Middle,682,pignut hickory,2024,9.41,1.0,9.26,0.0161987041036717,normal,23.9014,hardwood,111.02862091956688,407.4750387748104,107.00007472624664,0.0376499381297352
Middle,682,pignut hickory,2025,9.45,1.0,9.41,0.0042507970244419,normal,24.003,hardwood,112.1171297748978,411.4698662738749,111.02862091956688,0.0098038581972434
Middle,684,sugar maple,2022,6.0,,,,initial,15.24,hardwood,39.43907200405727,144.7413942548902,,
Middle,684,sugar maple,2023,5.96,1.0,6.0,-0.0066666666666666,normal,15.1384,hardwood,38.83695832484282,142.53163705217315,39.43907200405727,-0.0152669332369816
Middle,684,sugar maple,2024,6.13,1.0,5.96,0.0285234899328858,normal,15.5702,hardwood,41.4321912788633,152.0561419934283,38.83695832484282,0.0668237953217976
Middle,684,sugar maple,2025,6.2,1.0,6.13,0.0114192495921697,normal,15.748,hardwood,42.52846398772181,156.07946283493902,41.4321912788633,0.0264594431291345
Middle,685,black oak,2022,19.25,,,,initial,48.895,hardwood,575.9297322380569,2113.6621173136687,,
Middle,685,black oak,2023,20.55,1.0,19.25,0.0675324675324675,normal,52.197,hardwood,669.3388171688899,2456.473459009826,575.9297322380569,0.1621883360107948
Middle,685,black oak,2024,21.1,1.0,20.55,0.0267639902676399,normal,53.594,hardwood,711.2601201582737,2610.3246409808644,669.3388171688899,0.0626309156350722
Middle,685,black oak,2025,21.7,1.0,21.1,0.0284360189573458,normal,55.118,hardwood,758.6408068940879,2784.2117613013024,711.2601201582737,0.0666151319228621
Middle,686,sugar maple,2024,3.34,,,,initial,8.4836,hardwood,10.25169519715391,37.62372137355485,,
Middle,686,sugar maple,2025,3.5,1.0,3.34,0.0479041916167665,normal,8.89,hardwood,11.416561318986751,41.89878004068138,10.25169519715391,0.1136266831417532
Middle,687,sugar maple,2022,6.1,,,,initial,15.494,hardwood,40.967308485507594,150.35002214181287,,
Middle,687,sugar maple,2023,6.13,1.0,6.1,0.0049180327868852,normal,15.5702,hardwood,41.4321912788633,152.0561419934283,40.967308485507594,0.0113476528124897
Middle,687,sugar maple,2024,6.08,1.0,6.13,-0.0081566068515497,normal,15.4432,hardwood,40.659032851337976,149.21865056441038,41.4321912788633,-0.0186608143006848
Middle,687,sugar maple,2025,6.2,1.0,6.08,0.0197368421052631,normal,15.748,hardwood,42.52846398772181,156.07946283493902,40.659032851337976,0.0459782489962083
Middle,688,sugar maple,2022,5.5,,,,initial,13.97,hardwood,32.285907447058705,118.48928033070544,,
Middle,688,sugar maple,2023,5.53,1.0,5.5,0.0054545454545455,normal,14.0462,hardwood,32.69238566976858,119.9810554080507,32.285907447058705,0.0125899581226393
Middle,688,sugar maple,2024,6.75,1.0,5.53,0.2206148282097648,normal,17.145,hardwood,51.71035140944077,189.77698967264763,32.69238566976858,0.5817246233351072
Middle,688,sugar maple,2025,6.8,1.0,6.75,0.0074074074074073,normal,17.272,hardwood,52.59558752896721,193.02580623130964,51.71035140944077,0.0171191278998893
Middle,689,sugar maple,2022,7.5,,,,initial,19.05,hardwood,65.89003184106538,241.8164168567099,,
Middle,689,sugar maple,2023,7.47,1.0,7.5,-0.004,normal,18.9738,hardwood,65.28541900681148,239.59748775499813,65.89003184106538,-0.0091760895747068
Middle,689,sugar maple,2024,7.44,1.0,7.47,-0.004016064257028,normal,18.8976,hardwood,64.68395456286956,237.39011324573127,65.28541900681148,-0.0092128449674064
Middle,689,sugar maple,2025,7.6,1.0,7.44,0.0215053763440859,normal,19.304,hardwood,67.92819488567018,249.29647523040956,64.68395456286956,0.0501552563495075
Middle,690,red oak,2022,30.2,,,,initial,76.708,hardwood,1622.537639876037,5954.713138345056,,
Middle,690,red oak,2023,26.0,1.0,30.2,-0.1390728476821192,normal,66.04,hardwood,1149.787312239044,4219.719435917292,1622.537639876037,-0.2913647831757613
Middle,690,red oak,2024,29.14,1.0,26.0,0.1207692307692308,normal,74.0156,hardwood,1494.5304596617525,5484.926786958631,1149.787312239044,0.2998321026445934
Middle,690,red oak,2025,29.4,1.0,29.14,0.0089224433768015,normal,74.676,hardwood,1525.3786783926396,5598.1397497009875,1494.5304596617525,0.0206407427372667
Middle,691,sugar maple,2022,6.0,,,,initial,15.24,hardwood,39.43907200405727,144.7413942548902,,
Middle,691,sugar maple,2023,6.1,1.0,6.0,0.0166666666666666,normal,15.494,hardwood,40.967308485507594,150.35002214181287,39.43907200405727,0.0387493012333836
Middle,691,sugar maple,2024,6.0,1.0,6.1,-0.0163934426229507,normal,15.24,hardwood,39.43907200405727,144.7413942548902,40.967308485507594,-0.0373038048616482
Middle,691,sugar maple,2025,6.3,1.0,6.0,0.0499999999999999,normal,16.002,hardwood,44.12269949212058,161.93030713608252,39.43907200405727,0.1187560267032014
Middle,692,sugar maple,2022,16.1,,,,initial,40.894000000000005,hardwood,381.8372789432117,1401.342813721587,,
Middle,692,sugar maple,2023,16.22,1.0,16.1,0.0074534161490681,normal,41.1988,hardwood,388.4147969576927,1425.4823048347323,381.8372789432117,0.0172259713160674
Middle,692,sugar maple,2024,16.19,1.0,16.22,-0.0018495684340319,normal,41.122600000000006,hardwood,386.7644636209064,1419.4255814887267,388.4147969576927,-0.0042488940939241
Middle,692,sugar maple,2025,16.3,1.0,16.19,0.0067943174799258,normal,41.402,hardwood,392.835114909359,1441.7048717173475,386.7644636209064,0.0156959903493171
Middle,693,sugar maple,2022,7.9,,,,initial,20.066000000000003,hardwood,74.25421677940489,272.5129755804159,,
Middle,693,sugar maple,2023,7.83,1.0,7.9,-0.0088607594936709,normal,19.8882,hardwood,72.74964264406272,266.9911885037102,74.25421677940489,-0.0202624739792484
Middle,693,sugar maple,2024,7.66,1.0,7.83,-0.0217113665389527,normal,19.4564,hardwood,69.16796234700332,253.8464218135022,72.74964264406272,-0.0492329606975973
Middle,693,sugar maple,2025,7.85,1.0,7.66,0.0248041775456918,normal,19.939,hardwood,73.177744953533,268.5623239794661,69.16796234700332,0.0579716746087343
Middle,694,sugar maple,2022,8.6,,,,initial,21.844,hardwood,90.26621858864443,331.27702222032514,,
Middle,694,sugar maple,2023,8.64,1.0,8.6,0.0046511627906977,normal,21.9456,hardwood,91.23477793541304,334.8316350229659,90.26621858864443,0.0107300312554628
Middle,694,sugar maple,2024,8.55,1.0,8.64,-0.0104166666666666,normal,21.717,hardwood,89.06372918170156,326.86388609684474,91.23477793541304,-0.023796284737476
Middle,694,sugar maple,2025,8.56,1.0,8.55,0.0011695906432748,normal,21.7424,hardwood,89.30349798479428,327.743837604195,89.06372918170156,0.0026921037923704
Middle,695,red oak,2022,25.2,,,,initial,64.008,hardwood,1070.0401052698733,3927.047186340435,,
Middle,695,red oak,2023,24.44,1.0,25.2,-0.03015873015873,normal,62.0776,hardwood,997.2672915040464,3659.9709598198506,1070.0401052698733,-0.0680094263826427
Middle,695,red oak,2024,24.7,1.0,24.44,0.0106382978723403,normal,62.738,hardwood,1021.837423482448,3750.143344180584,997.2672915040464,0.0246374589718525
Middle,695,red oak,2025,25.06,1.0,24.7,0.014574898785425,normal,63.6524,hardwood,1056.4167168989543,3877.0493510191623,1021.837423482448,0.0338403082739514
Middle,696,sugar maple,2022,4.8,,,,initial,12.192,hardwood,23.606611760229864,86.63626516004359,,
Middle,696,sugar maple,2023,4.51,1.0,4.8,-0.0604166666666666,normal,11.4554,hardwood,20.454311140922258,75.06732188718468,23.606611760229864,-0.133534649162075
Middle,696,sugar maple,2024,4.63,1.0,4.51,0.0266075388026607,normal,11.7602,hardwood,21.727766776672528,79.74090407038818,20.454311140922258,0.0622585442734619
Middle,696,sugar maple,2025,4.7,1.0,4.63,0.0151187904967603,normal,11.938,hardwood,22.490747242659054,82.54104238055872,21.727766776672528,0.0351154572777208
Middle,697,sugar maple,2022,5.4,,,,initial,13.716,hardwood,30.951696570906748,113.59272641522776,,
Middle,697,sugar maple,2023,5.27,1.0,5.4,-0.0240740740740742,normal,13.3858,hardwood,29.264642736627454,107.40123884342276,30.951696570906748,-0.0545060213553866
Middle,697,sugar maple,2024,5.36,1.0,5.27,0.0170777988614802,normal,13.614400000000002,hardwood,30.426908460093284,111.66675404854234,29.264642736627454,0.0397156983574291
Middle,697,sugar maple,2025,5.4,1.0,5.36,0.0074626865671641,normal,13.716,hardwood,30.951696570906748,113.59272641522776,30.426908460093284,0.0172475002349238
Middle,698,sugar maple,2022,6.3,,,,initial,16.002,hardwood,44.12269949212058,161.93030713608252,,
Middle,698,sugar maple,2023,5.91,1.0,6.3,-0.0619047619047618,normal,15.0114,hardwood,38.09167038578155,139.79643031581827,44.12269949212058,-0.1366876726891121
Middle,698,sugar maple,2024,5.96,1.0,5.91,0.0084602368866327,normal,15.1384,hardwood,38.83695832484282,142.53163705217315,38.09167038578155,0.0195656407690502
Middle,698,sugar maple,2025,6.03,1.0,5.96,0.011744966442953,normal,15.3162,hardwood,39.89409610379394,146.41133270092377,38.83695832484282,0.0272198911693582
Middle,699,basswood,2022,17.6,,,,initial,44.70400000000001,hardwood,468.660064101154,1719.9824352512353,,
Middle,699,basswood,2023,17.19,1.0,17.6,-0.0232954545454545,normal,43.662600000000005,hardwood,443.92880724463976,1629.218722587828,468.660064101154,-0.0527701392777012
Middle,699,basswood,2024,17.33,1.0,17.19,0.0081442699243744,normal,44.01819999999999,hardwood,452.28845881433745,1659.8986438486183,443.92880724463976,0.0188310635247666
Middle,699,basswood,2025,17.4,1.0,17.33,0.0040392383150606,normal,44.196,hardwood,456.5013673091518,1675.3600180245871,452.28845881433745,0.009314649562048
Middle,700,basswood,2022,14.6,,,,initial,37.084,hardwood,304.9231375962875,1119.0679149783753,,
Middle,700,basswood,2023,14.55,1.0,14.6,-0.0034246575342465,normal,36.957,hardwood,302.5266903814126,1110.2729536997842,304.9231375962875,-0.0078591845596438
Middle,700,basswood,2024,13.69,1.0,14.55,-0.059106529209622,normal,34.7726,hardwood,262.9703245274323,965.1010910156764,302.5266903814126,-0.1307533090852557
Middle,700,basswood,2025,13.8,1.0,13.69,0.0080350620891162,normal,35.052,hardwood,267.8555875626219,983.0300063548224,262.9703245274323,0.018577240774101
Middle,701,sugar maple,2022,13.0,,,,initial,33.02,hardwood,233.4793749165397,856.8693059437007,,
Middle,701,sugar maple,2023,13.3,1.0,13.0,0.0230769230769231,normal,33.782000000000004,hardwood,246.0580544890023,903.0330599746384,233.4793749165397,0.0538749068390259
Middle,701,sugar maple,2024,13.16,1.0,13.3,-0.0105263157894737,normal,33.4264,hardwood,240.14157625654553,881.3195848615221,246.0580544890023,-0.0240450500380641
Middle,701,sugar maple,2025,13.2,1.0,13.16,0.0030395136778114,normal,33.528,hardwood,241.8236953377987,887.4929618897213,240.14157625654553,0.007004697426722
Middle,702,sugar maple,2022,12.31,,,,initial,31.2674,hardwood,205.9549969212044,755.8548387008202,,
Middle,702,sugar maple,2023,12.1,1.0,12.31,-0.0170593013809911,normal,30.734,hardwood,197.96351814207748,726.5261115814243,205.9549969212044,-0.0388020630651868
Middle,702,sugar maple,2024,12.19,1.0,12.1,0.0074380165289256,normal,30.9626,hardwood,201.3665523874761,739.0152472620373,197.96351814207748,0.0171902089705047
Middle,702,sugar maple,2025,12.2,1.0,12.19,0.0008203445447087,normal,30.988,hardwood,201.74669188684177,740.4103592247093,201.3665523874761,0.0018877986182838
Middle,703,sugar maple,2022,16.17,,,,initial,41.0718,hardwood,385.666447474377,1415.3958622309635,,
Middle,703,sugar maple,2023,10.3,1.0,16.17,-0.3630179344465059,normal,26.162000000000003,hardwood,136.67982952173418,501.6149743447645,385.666447474377,-0.6456009320571893
Middle,703,sugar maple,2024,4.19,1.0,10.3,-0.5932038834951456,normal,10.642600000000002,hardwood,17.269154081094413,63.377795477616495,136.67982952173418,-0.873652504970762
Middle,703,sugar maple,2025,4.2,1.0,4.19,0.0023866348448686,normal,10.668,hardwood,17.36409605187606,63.726232510385145,17.269154081094413,0.0054977777333972
Middle,704,mockernut hickory,2022,18.17,,,,initial,46.1518,hardwood,504.3071718929818,1850.807320847243,,
Middle,704,mockernut hickory,2023,18.03,1.0,18.17,-0.007705008255366,normal,45.796200000000006,hardwood,495.4148074617369,1818.1723433845743,504.3071718929818,-0.0176328335721782
Middle,704,mockernut hickory,2024,18.94,1.0,18.03,0.050471436494731,normal,48.107600000000005,hardwood,554.820824435302,2036.1924256775585,495.4148074617369,0.1199116701374601
Middle,704,mockernut hickory,2025,19.0,1.0,18.94,0.0031678986272438,normal,48.26,hardwood,558.8716682502761,2051.0590224785133,554.820824435302,0.0073011747875488
Middle,705,mockernut hickory,2022,13.14,,,,initial,33.3756,hardwood,239.30300467917252,878.2420271725631,,
Middle,705,mockernut hickory,2023,13.4,1.0,13.14,0.019786910197869,normal,34.036,hardwood,250.33400518608528,918.725799032933,239.30300467917252,0.0460963727626476
Middle,705,mockernut hickory,2024,13.06,1.0,13.4,-0.0253731343283581,normal,33.1724,hardwood,235.96528713009675,865.9926037674551,250.33400518608528,-0.0573981870553605
Middle,705,mockernut hickory,2025,13.2,1.0,13.06,0.010719754977029,normal,33.528,hardwood,241.8236953377987,887.4929618897213,235.96528713009675,0.0248274154175568
Middle,706,sugar maple,2022,6.78,,,,initial,17.2212,hardwood,52.24047384226478,191.72253900111173,,
Middle,706,sugar maple,2023,6.8,1.0,6.78,0.0029498525073745,normal,17.272,hardwood,52.59558752896721,193.02580623130964,52.24047384226478,0.0067976735390008
Middle,706,sugar maple,2024,7.69,1.0,6.8,0.1308823529411765,normal,19.5326,hardwood,69.79260251661219,256.13885123596674,52.59558752896721,0.3269668767969113
Middle,706,sugar maple,2025,7.7,1.0,7.69,0.001300390117035,normal,19.558,hardwood,70.00152148417524,256.90558384692315,69.79260251661219,0.0029934256644652
Middle,707,sugar maple,2022,3.5,,,,initial,8.89,hardwood,11.416561318986751,41.89878004068138,,
Middle,707,sugar maple,2023,3.74,1.0,3.5,0.0685714285714286,normal,9.4996,hardwood,13.297913287013408,48.803341763339205,11.416561318986751,0.1647914740227253
Middle,707,sugar maple,2024,3.44,1.0,3.74,-0.0802139037433155,normal,8.7376,hardwood,10.971429822304144,40.26514744785621,13.297913287013408,-0.1749510178398653
Middle,707,sugar maple,2025,3.55,1.0,3.44,0.0319767441860464,normal,9.017,hardwood,11.795165084982616,43.288255861886206,10.971429822304144,0.0750800284028502
Middle,708,sassafras,2022,16.51,,,,initial,41.9354,hardwood,404.57317163460374,1484.7835398989955,,
Middle,708,sassafras,2023,16.56,1.0,16.51,0.0030284675953965,normal,42.0624,hardwood,407.39676514800686,1495.146128093185,404.57317163460374,0.0069791911856016
Middle,708,sassafras,2024,17.1,1.0,16.56,0.032608695652174,normal,43.434000000000005,hardwood,438.60125045486575,1609.6665891693572,407.39676514800686,0.0765948283745511
Middle,708,sassafras,2025,17.1,1.0,17.1,0.0,normal,43.434000000000005,hardwood,438.60125045486575,1609.6665891693572,438.60125045486575,0.0
Middle,709,sugar maple,2022,12.6,,,,initial,32.004,hardwood,217.28565992568332,797.4383719272578,,
Middle,709,sugar maple,2023,12.76,1.0,12.6,0.0126984126984127,normal,32.4104,hardwood,223.6842278351026,820.9211161548266,217.28565992568332,0.0294477229266199
Middle,709,sugar maple,2024,12.44,1.0,12.76,-0.0250783699059561,normal,31.5976,hardwood,210.9918530808843,774.3401008068455,223.6842278351026,-0.056742376863401
Middle,709,sugar maple,2025,12.9,1.0,12.44,0.0369774919614148,normal,32.766,hardwood,229.36922401131957,841.7850521215428,210.9918530808843,0.0870999077077645
Middle,710,sugar maple,2022,3.0,,,,initial,7.62,hardwood,8.00862018634041,29.391636083869304,,
Middle,710,sugar maple,2023,2.62,1.0,3.0,-0.1266666666666666,normal,6.654800000000001,hardwood,5.865050847991394,21.524736612128414,8.00862018634041,-0.2676577598229857
Middle,710,sugar maple,2024,2.55,1.0,2.62,-0.0267175572519085,normal,6.476999999999999,hardwood,5.510883455237382,20.22494228072119,5.865050847991394,-0.060386073698799
Middle,710,sugar maple,2025,2.7,1.0,2.55,0.0588235294117648,normal,6.8580000000000005,hardwood,6.285147427752522,23.066491059851753,5.510883455237382,0.1404972503599767
Middle,711,sugar maple,2022,18.23,,,,initial,46.3042,hardwood,508.1455767405488,1864.894266637814,,
Middle,711,sugar maple,2023,15.6,1.0,18.23,-0.1442676906198574,normal,39.624,hardwood,355.112032328014,1303.2611586438113,508.1455767405488,-0.3011608314966625
Middle,711,sugar maple,2024,15.8,1.0,15.6,0.0128205128205128,normal,40.132000000000005,hardwood,365.6706566210666,1342.0113097993144,355.112032328014,0.0297332203131312
Middle,711,sugar maple,2025,15.9,1.0,15.8,0.0063291139240506,normal,40.386,hardwood,371.0156229671586,1361.6273362894722,365.6706566210666,0.0146168861222869
Middle,712,beech,2022,1.6,,,,initial,4.064,hardwood,1.8864911481235165,6.923422513613304,,
Middle,712,beech,2023,1.56,1.0,1.6,-0.025,normal,3.9624,hardwood,1.7797761711023588,6.531778547945657,1.8864911481235165,-0.0565679712450844
Middle,712,beech,2024,1.6,1.0,1.56,0.0256410256410256,normal,4.064,hardwood,1.8864911481235165,6.923422513613304,1.7797761711023588,0.0599597740175722
Middle,712,beech,2025,1.85,1.0,1.6,0.15625,normal,4.699000000000001,hardwood,2.6343518930067713,9.668071447334851,1.8864911481235165,0.3964295012076513
Middle,713,red oak,2022,24.43,,,,initial,62.0522,hardwood,996.3290325986054,3656.5275496368818,,
Middle,713,red oak,2023,25.97,1.0,24.43,0.0630372492836675,normal,65.96379999999999,hardwood,1146.7382418575808,4208.529347617321,996.3290325986054,0.1509633909459418
Middle,713,red oak,2024,26.19,1.0,25.97,0.0084713130535233,normal,66.52260000000001,hardwood,1169.204445636839,4290.980315487199,1146.7382418575808,0.019591396675553
Middle,713,red oak,2025,26.35,1.0,26.19,0.0061092019854906,normal,66.929,hardwood,1185.6984075243054,4351.5131556142005,1169.204445636839,0.0141069955293255
Middle,714,mockernut hickory,2022,15.45,,,,initial,39.243,hardwood,347.30762987055584,1274.61900162494,,
Middle,714,mockernut hickory,2023,15.66,1.0,15.45,0.0135922330097087,normal,39.7764,hardwood,358.2612644563075,1314.818840554649,347.30762987055584,0.0315387099034771
Middle,714,mockernut hickory,2024,15.88,1.0,15.66,0.0140485312899106,normal,40.3352,hardwood,369.9431219299779,1357.6912574830192,358.2612644563075,0.0326070905025098
Middle,714,mockernut hickory,2025,16.0,1.0,15.88,0.0075566750629722,normal,40.64,hardwood,376.40446953732254,1381.4044032019738,369.9431219299779,0.017465786561015
Middle,715,sugar maple,2024,1.94,,,,initial,4.9276,hardwood,2.9384803471622503,10.784222874085458,,
Middle,715,sugar maple,2025,2.0,1.0,1.94,0.0309278350515464,normal,5.08,hardwood,3.1517212627355704,11.566817034239545,2.9384803471622503,0.0725684334691063
Middle,716,sugar maple,2022,12.79,,,,initial,32.486599999999996,hardwood,224.89565448317308,825.3670519532452,,
Middle,716,sugar maple,2023,12.9,1.0,12.79,0.0086004691164973,normal,32.766,hardwood,229.36922401131957,841.7850521215428,224.89565448317308,0.019891756194343
Middle,716,sugar maple,2024,12.75,1.0,12.9,-0.0116279069767442,normal,32.385,hardwood,223.28124063338663,819.442153124529,229.36922401131957,-0.026542285279007
Middle,716,sugar maple,2025,13.05,1.0,12.75,0.0235294117647059,normal,33.147000000000006,hardwood,235.5499348577526,864.468260927952,223.28124063338663,0.054947268250405
Middle,718,sugar maple,2022,6.78,,,,initial,17.2212,hardwood,52.24047384226478,191.72253900111173,,
Middle,718,sugar maple,2023,7.0,1.0,6.78,0.0324483775811209,normal,17.78,hardwood,56.22174274992082,206.33379589220945,52.24047384226478,0.0762104287123641
Middle,718,sugar maple,2024,7.0,1.0,7.0,0.0,normal,17.78,hardwood,56.22174274992082,206.33379589220945,56.22174274992082,0.0
Middle,718,sugar maple,2025,7.1,1.0,7.0,0.0142857142857142,normal,18.034,hardwood,58.08620639542944,213.1763774712261,56.22174274992082,0.0331626796736258
Middle,719,sugar maple,2022,5.67,,,,initial,14.4018,hardwood,34.62739707539074,127.08254726668402,,
Middle,719,sugar maple,2023,5.9,1.0,5.67,0.0405643738977073,normal,14.986,hardwood,37.9435917037269,139.25298155267774,34.62739707539074,0.0957679441257495
Middle,719,sugar maple,2024,6.0,1.0,5.9,0.0169491525423728,normal,15.24,hardwood,39.43907200405727,144.7413942548902,37.9435917037269,0.0394132509122345
Middle,720,sugar maple,2022,5.47,,,,initial,13.8938,hardwood,31.8823013344878,117.00804589757024,,
Middle,720,sugar maple,2023,5.5,1.0,5.47,0.0054844606946984,normal,13.97,hardwood,32.285907447058705,118.48928033070544,31.8823013344878,0.0126592528041354
Middle,720,sugar maple,2024,5.75,1.0,5.5,0.0454545454545454,normal,14.605,hardwood,35.76142816420109,131.244441362618,32.285907447058705,0.107648227724168
Middle,720,sugar maple,2025,5.8,1.0,5.75,0.008695652173913,normal,14.732,hardwood,36.480702833679814,133.8841793996049,35.76142816420109,0.0201131416277929
Middle,721,beech,2022,1.9,,,,initial,4.826,hardwood,2.800993453630146,10.279645974822635,,
Middle,721,beech,2023,1.97,1.0,1.9,0.0368421052631579,normal,5.0038,hardwood,3.044045444974771,11.171646783057408,2.800993453630146,0.0867734949646613
Middle,721,beech,2024,1.95,1.0,1.97,-0.0101522842639594,normal,4.953,hardwood,2.9734347849726235,10.912505660849527,3.044045444974771,-0.0231963225512005
Middle,721,beech,2025,2.04,1.0,1.95,0.0461538461538462,normal,5.1816,hardwood,3.2985889264909622,12.105821360221832,2.9734347849726235,0.1093530428720441
Middle,722,sugar maple,2022,15.9,,,,initial,40.386,hardwood,371.0156229671586,1361.6273362894722,,
Middle,722,sugar maple,2023,16.8,1.0,15.9,0.0566037735849056,normal,42.672,hardwood,421.1047687729014,1545.4545013965485,371.0156229671586,0.1350054895401981
Middle,722,sugar maple,2024,17.25,1.0,16.8,0.0267857142857142,normal,43.815,hardwood,447.5007219108198,1642.3276494127083,421.1047687729014,0.0626826269738908
Middle,722,sugar maple,2025,17.3,1.0,17.25,0.0028985507246377,normal,43.942,hardwood,450.4896824672929,1653.2971346549648,447.5007219108198,0.006679230691987
Middle,724,sugar maple,2022,9.0,,,,initial,22.86,hardwood,100.21588898634975,367.7923125799036,,
Middle,724,sugar maple,2023,8.86,1.0,9.0,-0.0155555555555556,normal,22.5044,hardwood,96.66658403901872,354.7663634231987,100.21588898634975,-0.0354165889584084
Middle,724,sugar maple,2024,8.81,1.0,8.86,-0.0056433408577876,normal,22.3774,hardwood,95.41648218868724,350.1784896324821,96.66658403901872,-0.0129320991608319
Middle,724,sugar maple,2025,8.9,1.0,8.81,0.0102156640181611,normal,22.606,hardwood,97.67329231217856,358.46098278569536,95.41648218868724,0.0236522042284946
Middle,725,sugar maple,2022,13.49,,,,initial,34.2646,hardwood,254.2179989311367,932.9800560772716,,
Middle,725,sugar maple,2023,13.44,1.0,13.49,-0.0037064492216457,normal,34.1376,hardwood,252.05605207395823,925.0457111114268,254.2179989311367,-0.0085043028670997
Middle,725,sugar maple,2024,13.94,1.0,13.44,0.0372023809523809,normal,35.4076,hardwood,274.1468065380793,1006.1187799947512,252.05605207395823,0.0876422299022568
Middle,725,sugar maple,2025,14.0,1.0,13.94,0.0043041606886657,normal,35.56,hardwood,276.8683379803203,1016.1068003877756,274.1468065380793,0.0099272775656533
Middle,726,sugar maple,2022,10.13,,,,initial,25.730200000000004,hardwood,131.54687512438633,482.77703170649784,,
Middle,726,sugar maple,2023,9.83,1.0,10.13,-0.0296150049358342,normal,24.9682,hardwood,122.75859314636394,450.5240368471556,131.54687512438633,-0.0668072272314526
Middle,726,sugar maple,2024,9.9,1.0,9.83,0.0071210579857579,normal,25.146,hardwood,124.77849961247536,457.9370935777846,122.75859314636394,0.0164542979382561
Middle,726,sugar maple,2025,9.9,1.0,9.9,0.0,normal,25.146,hardwood,124.77849961247536,457.9370935777846,124.77849961247536,0.0
Middle,727,sugar maple,2022,18.75,,,,initial,47.625,hardwood,542.1029084912169,1989.517674162766,,
Middle,727,sugar maple,2023,17.34,1.0,18.75,-0.0752,normal,44.0436,hardwood,452.88895140038153,1662.1024516394002,542.1029084912169,-0.1645701502305826
Middle,727,sugar maple,2024,18.6,1.0,17.34,0.0726643598615917,normal,47.24400000000001,hardwood,532.1800418282869,1953.1007535098129,452.88895140038153,0.1750784385062359
Middle,727,sugar maple,2025,18.6,1.0,18.6,0.0,normal,47.24400000000001,hardwood,532.1800418282869,1953.1007535098129,532.1800418282869,0.0
Middle,728,sugar maple,2022,15.14,,,,initial,38.4556,hardwood,331.4883916433261,1216.5623973310069,,
Middle,728,sugar maple,2023,14.25,1.0,15.14,-0.0587846763540291,normal,36.195,hardwood,288.37194032114536,1058.3250209786036,331.4883916433261,-0.1300692645930511
Middle,728,sugar maple,2024,14.5,1.0,14.25,0.0175438596491228,normal,36.83,hardwood,300.14092507413557,1101.5171950220774,288.37194032114536,0.040811823577161
Middle,728,sugar maple,2025,14.5,1.0,14.5,0.0,normal,36.83,hardwood,300.14092507413557,1101.5171950220774,300.14092507413557,0.0
Middle,729,sugar maple,2022,5.91,,,,initial,15.0114,hardwood,38.09167038578155,139.79643031581827,,
Middle,729,sugar maple,2023,5.83,1.0,5.91,-0.0135363790186125,normal,14.8082,hardwood,36.91615727557765,135.48229720137,38.09167038578155,-0.0308601092653232
Middle,729,sugar maple,2024,5.75,1.0,5.83,-0.0137221269296741,normal,14.605,hardwood,35.76142816420109,131.244441362618,36.91615727557765,-0.031279775485746
Middle,729,sugar maple,2025,5.8,1.0,5.75,0.008695652173913,normal,14.732,hardwood,36.480702833679814,133.8841793996049,35.76142816420109,0.0201131416277929
Middle,730,sugar maple,2022,7.73,,,,initial,19.6342,hardwood,70.63039704637738,259.21355716020497,,
Middle,730,sugar maple,2023,7.55,1.0,7.73,-0.0232858990944373,normal,19.177,hardwood,66.9047266044754,245.54034663842472,70.63039704637738,-0.0527488248360777
Middle,730,sugar maple,2024,7.63,1.0,7.55,0.0105960264900662,normal,19.3802,hardwood,68.54649438077563,251.56563437744657,66.9047266044754,0.0245388907424427
Middle,730,sugar maple,2025,7.7,1.0,7.63,0.0091743119266055,normal,19.558,hardwood,70.00152148417524,256.90558384692315,68.54649438077563,0.0212268638468503
Middle,799,beech,2025,2.1,,,,initial,5.3340000000000005,hardwood,3.5260071571740457,12.940446266828747,,
